#,apiName,displayName,backingDatasetRID,properties,status
1,AdvertisementEmailSubjectLine,[Advertisement] Email Subject Line,ri.foundry.main.dataset.de25126d-1d51-4fbd-8548-1ea0a3574af5,8,experimental
2,AdvertisementHook,[Advertisement] Hook,ri.foundry.main.dataset.e4293042-7fe5-4909-bfd2-e5b085b9d298,8,experimental
3,AdvertisementLandingPageHeadline,[Advertisement] Landing Page Headline,ri.foundry.main.dataset.5cdd78b2-66a7-430d-b861-0fc4ad650dce,8,experimental
4,AnalysedUserPicture,Analysed User Picture (as api response),ri.foundry.main.dataset.367a9db4-42cc-4c1a-bd6e-eeaec1c38534,21,experimental
5,AppDiscrepancy,App Discrepancy,ri.foundry.main.dataset.b405b96a-54eb-4af7-933f-e95e24d48857,6,experimental
6,AppEvent,App Event,ri.foundry.main.dataset.b5ae348a-db1a-453a-84a0-549609328e15,9,experimental
7,AppLecture,App Lecture,ri.foundry.main.dataset.f9d0b98a-ab29-45fe-a0e5-cd905cc16170,3,experimental
8,AppModule,App Module,ri.foundry.main.dataset.fec44b2b-c208-47c4-82e6-72277eded5a1,4,active
9,AppModuleAppLectureLink,App Module App Lecture Link,ri.foundry.main.dataset.66181c80-9b0b-416c-b35c-167a0d85f14e,4,experimental
10,AppSession,App Session,ri.foundry.main.dataset.cb19fc77-4f56-443f-bce1-42169447f7ad,20,active
11,AppSessionCategory,App Session Category,ri.foundry.main.dataset.12fe3c93-9123-4fc4-8690-816ad078ab98,6,experimental
12,AppUser,App User,ri.foundry.main.dataset.b10cc736-0d0d-4c13-b4cc-50fc33ed7d58,28,active
13,AppointmentFunnelbox,Appointment [Funnelbox],ri.foundry.main.dataset.b09a950e-f0de-45af-8249-5129bfefc20a,23,experimental
14,ArminsTasks,Tasks [AST],ri.foundry.main.dataset.73ad1853-4b93-4d2e-b8ec-20abc5e496a6,11,experimental
15,ArminsTasksContacts,Task-Contacts [AST],ri.foundry.main.dataset.87963f41-34ff-40ed-b337-a9297d2fc839,2,experimental
16,AudioMessageWithTranscription,[WAHA] Audio Message With Transcription,ri.foundry.main.dataset.96641be8-cf2f-4d81-8cfc-058602933760,3,experimental
17,BexioProductArticle,[Bexio] Product Article,ri.foundry.main.dataset.e1d5bdbe-59ae-47b6-8a53-8b35ea79c7db,13,experimental
18,BulkContractCreation,Emails for Bulk Contract Creation,ri.foundry.main.dataset.63f7d74f-1c29-469e-b450-e0122050f8a4,10,experimental
19,BulkCreatedSubmissions,Assignments for Bulk Contract Creation,ri.foundry.main.dataset.c44a7468-7ec2-44c1-b16e-e84b67176064,14,experimental
20,BulkExportDetails,Bulk Export Details - Offers,ri.foundry.main.dataset.49ae6bd2-7a22-4614-97ab-10af168c4b62,13,experimental
21,CallClose,Call [Close],ri.foundry.main.dataset.a9911aa2-13aa-4967-b042-d2210f8738c8,47,active
22,CallInsightAnswer,Call Insight Answer,ri.foundry.main.dataset.daaba2e7-354f-4ef7-8a75-1a1716594063,13,active
23,CallInsightAnswerAggregated,Call Insight Answer Aggregated,ri.foundry.main.dataset.f1772920-8df5-41da-8370-0ed76c486d79,4,experimental
24,CallInsightQuestion,Call Insight Question,ri.foundry.main.dataset.fd5ca775-2432-4355-a1a7-e5658b3d002e,8,experimental
25,CallKickscale,Call [Kickscale],ri.foundry.main.dataset.92c61831-5b4f-4333-9e93-15cdac1de882,15,active
26,ChatMessageZoom,[Zoom] Chat Message,ri.foundry.main.dataset.d78f4e5e-8ab3-416a-9b1c-a7cd4ea201db | ri.foundry.main.dataset.844eb50a-c1a3-4a02-b40e-976fd34eac48 | ri.foundry.main.dataset.fd639423-a3e6-430b-a757-bfe8f4ad1c8b,27,active
27,ClassifiedSchmerzfreiUmfrageUnpivotiert,[Classified] Schmerzfrei Umfrage Unpivotiert,ri.foundry.main.dataset.5bef1912-f423-4ae1-8220-e08c1d3b432b,7,experimental
28,ClassifiedWhatsApp,[Classified] WhatsApp,ri.foundry.main.dataset.df2edd40-a066-4fe5-b7dc-500dba6a58d2,10,experimental
29,ClassifiedZoomChats,[Classified] Zoom Chats,ri.foundry.main.dataset.c83915cc-d14d-4376-8111-bb56a7b6bf67,11,experimental
30,ClassifiedZoomSurveys,[Zoom] [Classified] Surveys,ri.foundry.main.dataset.a6699932-9f28-4a19-b407-6b0472b422dd,13,experimental
31,CloseCallTranscriptChunksEmbbeding,[Close] Call Transcript Chunks Embbeding,ri.foundry.main.dataset.4bd6ca59-ef86-4765-be87-2e03d2ef20e7,8,experimental
32,CloseConnectingCall2,[Close] Connecting Call,ri.foundry.main.dataset.cf41ca60-12e5-4598-8e18-b61b66024969,8,experimental
33,CloseGenerationQueue,Close Generation Queue,ri.foundry.main.dataset.8076608b-fbbc-4e5e-9097-4634f82c1b0b,5,experimental
34,CloseInsightAnswer,Close Insight Answer,ri.foundry.main.dataset.ed4ce394-ae10-4bf6-a907-7c9dc0963c3d,12,experimental
35,CloseInsightQuestion,Close Insight Question,ri.foundry.main.dataset.fa61515a-aab3-4926-9c8a-ee87c95fd183,3,experimental
36,CloseIoCampaignCreationJob,Close IO Campaign Creation Job,ri.foundry.main.dataset.75eee427-16ea-48eb-b2cb-b19a59d0e38c,9,experimental
37,CloseIoSmartViewCreationJob,Close IO Smart View Creation Job,ri.foundry.main.dataset.f4d7b5b2-78b1-4526-a7ea-e5f5d4de0ba3,5,experimental
38,CloseIoTaskForCampaign,Close IO Task For Campaign,ri.foundry.main.dataset.552fda32-fb01-4359-9ae8-31df1ba08af0,11,experimental
39,CloseLeadViaApi,[Close] Lead via API,ri.foundry.main.dataset.157c03f3-6867-403f-870d-f3df66706f9b,18,active
40,CloseTranscript,[Close] Transcript,ri.foundry.main.dataset.467f9bc8-3ee7-4477-a609-f5034911d5f6,23,experimental
41,CloseUser,[Close] User,ri.foundry.main.dataset.b32e6dfc-5544-48a6-97ba-1ef97f5a9aee,12,experimental
42,Coach,Coach,ri.foundry.main.dataset.7302db2e-3f70-4849-821b-0650e95e9658,9,experimental
43,Cohort,Cohort,ri.foundry.main.dataset.342c1dbd-ffe0-4c07-9cd2-e192d3c41e6c,2,experimental
44,CompleteSurveyText,Complete Survey Text,ri.foundry.main.dataset.77d7b0fa-cdeb-4404-b911-92d4b8acb80d,3,experimental
45,Contract,Contract,ri.foundry.main.dataset.0c6992cf-a3bd-4192-b5e8-f8a6c18e15e5,55,active
46,ContractsToBeExportedNeedApproval,Contracts To Be Exported (need approval),ri.foundry.main.dataset.b27b0bc5-c5e2-4ebe-b48b-00e3aa03d044,76,experimental
47,CsicCoachingSessionInsightChunk,CSIC - Coaching Session Insight Chunk,ri.foundry.main.dataset.db28a883-abda-4b16-b14c-7dec881168b2,20,experimental
48,Customer,Customer,ri.foundry.main.dataset.ad22d053-bd51-426e-b528-34cad537ad13,17,active
49,CustomerSessionOpened,Customer Session Opened,ri.foundry.main.dataset.5280ee0e-585a-43bc-b717-ff08079f05d4,5,experimental
50,DailyRecapEmail,Daily Recap Email,ri.foundry.main.dataset.d6d93fe4-5d77-4b64-8618-f927aa1c640a,26,experimental
51,DraftWhatsappAnswer,Draft Whatsapp Answer,ri.foundry.main.dataset.10f35fb5-6175-476b-8f5d-c033e43e50a1,11,experimental
52,EmailOfferCohort,Email Offer Cohort,ri.foundry.main.dataset.dcdb46b4-a9ee-4ffb-8bae-5aaf1ef91282,9,experimental
53,EmbeddingCluster,[Embedding] Cluster,ri.foundry.main.dataset.1e866ef3-5f57-4fe8-9cf4-f976ccd136e4,4,experimental
54,Equipment,Equipment,ri.foundry.main.dataset.11233ba0-7dbc-4a0f-b7ef-d603d1a73e08,11,experimental
55,FinalOutput,Final Output,ri.foundry.main.dataset.b298561d-0ac9-4645-b67b-1a74d9e48056,20,experimental
56,FinalOutputMultiNodes,Final Output multi nodes,ri.foundry.main.dataset.855b4654-d248-407c-8bad-ed46e74abe16,50,experimental
57,FormSubmission,Form Submission,ri.foundry.main.dataset.6b0d86d1-a7f3-4f09-8c5c-5791ecd8c455,4,experimental
58,FormSubmissionAnswer,Form Submission Answer,ri.foundry.main.dataset.b0d33087-d448-4834-816d-212c0dd20c81,5,experimental
59,FormSubmissionsV2,Form Submissions v2,ri.foundry.main.dataset.cef8ed27-2dc1-47ec-8b88-bb8bfbdeef8b,7,active
60,FoundryDataCoachingProgrammLektionen,[Product] Lecture,ri.foundry.main.dataset.6626c7fc-1dd1-4c7f-bd43-f63e799dae2f,5,experimental
61,FoundryDataCoachingProgrammModule,[Product] Module,ri.foundry.main.dataset.569c169a-f7cf-47ac-b806-23b40635df68,5,experimental
62,FoundryDataCoachingProgrammSessionTypen,[Product] Session-Type,ri.foundry.main.dataset.f7095540-4b6f-45b9-adde-f37380889a0f,4,experimental
63,FoundryResource,Foundry Resource,ri.foundry.main.dataset.37908754-f1dd-4331-92a5-78598aa498d1,19,experimental
64,FoundryResourceAlert,Foundry Resource Alert,ri.foundry.main.dataset.4a92cd6e-733e-4199-87ac-7683a6c31d50,7,experimental
65,FoundryResourceDailyCost,Foundry Resource Daily Cost,ri.foundry.main.dataset.f6067ce4-8810-4ad7-92ef-33fcf00510ac,5,experimental
66,FoundryResourceRole,Foundry Resource Role,ri.foundry.main.dataset.79e9427f-a2e8-42c5-9dc4-e23c941bbd00,5,experimental
67,FoundryUser,Foundry User,ri.foundry.main.dataset.56318560-37a1-4626-99d0-5d912cf88c35,11,experimental
68,FunnelboxContactV2,[Funnelbox] Contact v2,ri.foundry.main.dataset.83fb3ce9-f3ff-4782-9318-26ad18ab8454 | ri.foundry.main.dataset.1722348f-fd7a-49b0-b7f8-4e0337f584c6,67,active
69,FunnelboxEmailThread,[Funnelbox] EMail Thread,ri.foundry.main.dataset.630ce87c-9d89-4053-8260-4c62aeeee231,11,experimental
70,FunnelboxTagsCreationJob,Funnelbox Tags Creation Job,ri.foundry.main.dataset.57e312c5-4f6b-4731-84d9-4d3875890ddd,13,experimental
71,FunnelboxVideo,[Funnelbox] Video,ri.foundry.main.dataset.25dc10eb-fecb-4c5f-83fe-55b59936f743,6,experimental
72,FunnelboxVideoTracking,[Funnelbox] Video Tracking,ri.foundry.main.dataset.ae6d6f51-afb3-4587-b84c-83a81f3febfd,11,experimental
73,GhlForm,[GHL] Form,ri.foundry.main.dataset.68fce217-cfb6-498a-bd01-cf8b67bde142,7,experimental
74,GhlFormQA,[GHL] Form Q&A,ri.foundry.main.dataset.a06014c2-c1af-4e12-b088-65b51dada6f2,13,experimental
75,GhlFormQuestion,[GHL] Form Question,ri.foundry.main.dataset.a2c3fcda-1ef7-47cd-b4b2-7db54cf73411,6,experimental
76,GhlFormSubmission,[GHL] Form Submission,ri.foundry.main.dataset.176c2e0e-f88f-4cef-b8c9-454166c8ea69,56,experimental
77,GhlMessageV2,[Funnelbox] eMail,ri.foundry.main.dataset.f269aea4-d346-4ab8-97a2-2449a1b3fb1c,22,experimental
78,GhlSchmerzfreiUmfrageV2,[Funnelbox] Schmerzfrei Umfrage temp,ri.foundry.main.dataset.fea119c6-6f71-4343-893f-244c8f32e2fa,22,experimental
79,GhlSurvey,[GHL] Survey,ri.foundry.main.dataset.576cd205-0096-4a29-a0f1-31398551e9be,7,experimental
80,GhlSurveyQA,[GHL] Survey Q&A,ri.foundry.main.dataset.88df83a4-93fc-415f-ad80-02fa8b905250,13,experimental
81,GhlSurveyQuestion,[GHL] Survey Question,ri.foundry.main.dataset.2ece6e1c-2173-4e7c-94af-eb7dca6a1bd6,6,experimental
82,GhlSurveySubmission,[GHL] Survey Submission,ri.foundry.main.dataset.ce2f697d-6b27-460b-afc7-f0566ec78015,45,experimental
83,GhlTobUserV2,[Funnelbox] TOB Member v2,ri.foundry.main.dataset.7dd47fb6-09d5-4c43-bbfe-95610aa7983b,6,experimental
84,GhlUser,TOB Member [Funnelbox],ri.foundry.main.dataset.beffed11-04ed-4feb-851f-7bab945512a2,5,experimental
85,IdMatch,[TOB] ID Matcher,ri.foundry.main.dataset.5b0c6bfe-6628-40a9-becd-6617438a45bb,18,active
86,InboxAst,Inbox [AST],ri.foundry.main.dataset.220bb1e4-ad30-43d5-b22c-33b63ea9ada2,4,experimental
87,InitiativeAst,Initiative [AST],ri.foundry.main.dataset.1bcd5160-2214-490c-a438-3efd09f58dcf,5,experimental
88,InsightCall,[Insight] Call,ri.foundry.main.dataset.d9ff1857-8f94-48fb-aa0b-fbf22d5ca6a6,19,active
89,InsightKickscale,Insight [Kickscale],ri.foundry.main.dataset.22c00314-e847-4775-b0fe-3e6387900401,18,active
90,InsightQueue,Calls Insight Queue,ri.foundry.main.dataset.3f30f3ed-c284-4da0-a89c-db16c940ae2b,7,experimental
91,InsightRelevanceDeterminatorSystemPromptDataset,Insight Relevance Determinator System Prompt,ri.foundry.main.dataset.71e8944f-d3c1-48f4-a7b3-0606b2905f1e,6,experimental
92,InsightScopeCall,[Insight] Scope Call,ri.foundry.main.dataset.6a2ab926-5d20-4fcb-abf4-19be44067ab8,5,experimental
93,InsightScopeRun,[Insight] Scope Run,ri.foundry.main.dataset.1d442d38-5e38-454a-b5a4-5ce17d3e93f4,6,experimental
94,InsightType,Insight Type,ri.foundry.main.dataset.e5fcb5a2-1649-4f83-84b7-6790eb453c73,8,experimental
95,InsightTypeResponse,Insight Type Response,ri.foundry.main.dataset.cecf997e-00e2-43c7-af93-9835d6d2fa2c,7,experimental
96,InsightTypeResponseV2,Insight Type Response v2,ri.foundry.main.dataset.da2b703d-57d8-42b8-8457-01366c68cbef,13,experimental
97,InsightsSummaryDownloadForFunnelboxParquetFormat,Insights Summary,ri.foundry.main.dataset.da4da17a-c6f9-46d2-8e9b-4860d02b12b5,2,experimental
98,InternalResourceTracking,[Internal] Resource Tracking,ri.foundry.main.dataset.e2cf180b-3d7b-4ab4-ab0b-3bdf51b7be85,25,experimental
99,Invoice,Invoice,ri.foundry.main.dataset.1a600bc3-99da-487f-8064-b55c0ab4d812 | ri.foundry.main.dataset.494a46dd-23d7-4efb-9b55-12fca63daca9,30,experimental
100,InvoiceComment,Invoice Comment,ri.foundry.main.dataset.3dc45535-d626-4e55-92ef-e1f6d5a6b82c,10,experimental
101,InvoiceDebtCollectionActions,Invoice Debt Collection Actions,ri.foundry.main.dataset.397bd125-cda9-470c-9241-3727c391d1c8,9,experimental
102,InvoiceReminder,Invoice Reminder,ri.foundry.main.dataset.16cf13a2-7a52-44ca-98ca-3a102929cc04,13,experimental
103,JanaDraft,Ki-Jana Draft,ri.foundry.main.dataset.8e135e4e-593f-44b9-bad2-012bd473e438,15,experimental
104,JanaStaticData,Jana Static Data Unioned,ri.foundry.main.dataset.184f957d-bc5c-4c96-b15d-c026c2edf24b,3,experimental
105,KbDocument,[KB] Document,ri.foundry.main.dataset.53f1ea26-2b7b-4372-abbc-be470a197811,15,active
106,KbDocumentChunk,[KB] Document Chunk,ri.foundry.main.dataset.07ba51c1-d896-4d82-ae83-1748596af0ef,15,experimental
107,KiJanaEmailOfferDraft,KI-Jana Email Offer Draft,ri.foundry.main.dataset.dd3fc2ed-4817-4d53-b0f7-f868f00bc08f,15,experimental
108,KnowledgeBaseQA,[KB] Knowledge Base Q&A,ri.foundry.main.dataset.ec868781-2809-4b3e-955d-7f91cc1d2579,7,experimental
109,LaschaOrders,Lascha Orders,ri.foundry.main.dataset.d3515daf-e3d2-4046-85aa-87fbd4f126b2,11,experimental
110,LatestConnectingCallTranscript,Latest Connecting Call Transcript,ri.foundry.main.dataset.0a93156c-217e-4fdb-a960-e1c7c3b0647f,26,experimental
111,LeadClose,Lead [Close],ri.foundry.main.dataset.46c8919b-2a8f-45b9-9c45-078a4521484f,23,active
112,LeadKickscale,Lead [Kickscale],ri.foundry.main.dataset.cd5d0f42-fc70-4bbf-acd7-09a02295b054,3,active
113,LeadMindsetStages,Mindset Stages,ri.foundry.main.dataset.787aeb26-fe5c-4693-969b-4a529ac58225,3,experimental
114,LeadMindsetStagesv2,Lead Mindset Stages,ri.foundry.main.dataset.d5296a69-f44a-48db-b21a-0fc040c5eca7,9,experimental
115,LeadProfile,Lead Metric,ri.foundry.main.dataset.620bdd1f-2c01-4559-b5fe-f40dbc0fa381,34,experimental
116,LeadTypedFacts,[Typed Facts] Lead,ri.foundry.main.dataset.64468eb0-2ecc-479d-9aae-c38e6f747d6c,17,active
117,LogAssignLeadToWahaConversation,[Log] Assign Lead to Conversation,ri.foundry.main.dataset.4c59114d-e755-4e6e-a093-015275ad0bf1,10,experimental
118,LogCreateFluentSupportTicketViaWebhook,[Log] Create Fluent Support Ticket via Webhook,ri.foundry.main.dataset.54461cc1-a199-4b37-bbee-9afbe96c30e7,15,experimental
119,LogCreateSubscriptionPause,[Log] Create Subscription Pause,ri.foundry.main.dataset.3e4a3098-149a-4531-98e6-0648c50e152e,10,experimental
120,LogCreateSummitProfileFromId,[Log] Create Summit Profile FULL,ri.foundry.main.dataset.05b4ff0f-2b7e-42d4-92bd-973a9815c0ae,10,experimental
121,LogDeleteMultipleSummitProfile,[Log] Delete multiple Summit Profiles,ri.foundry.main.dataset.21c2d9ff-596d-472d-895f-a9107b77ddb1,10,experimental
122,LogDeleteSubscriptionPause,[Log] Delete Subscription Pause,ri.foundry.main.dataset.96793b95-d060-4113-aa0e-93df2dda6433,8,experimental
123,LogDevCreteFluentSupportTicket,[Log] [DEV] Crete Fluent Support Ticket,ri.foundry.main.dataset.07a1db8c-6433-47ff-8c3f-fcab9a8e438a,13,experimental
124,LogEditSubscriptionProgramCohort,[Log] Edit Subscription's program & cohort,ri.foundry.main.dataset.46d66d05-ef0a-4f23-95ff-8a061d2564c9,9,experimental
125,LogFluentApiRespondTicket,[Log] [Fluent] API Respond Ticket,ri.foundry.main.dataset.83e4b0be-b53e-4f25-a2e2-c147ed985374,12,experimental
126,LogFluentCreateNewClusterForTicket,[Log] [Fluent] Create New LLM Cluster for Ticket,ri.foundry.main.dataset.19a8c9ed-90f2-4f8d-8e32-f4c1f75a13e5,11,experimental
127,LogGhlwasendMessage,[Log] GHLWASendMessage,ri.foundry.main.dataset.c4386015-2ac0-494d-8745-5c2ed6f92b44,7,experimental
128,LogModifyWhatsAppChat,[Log] Set Completed - WhatsApp Chat,ri.foundry.main.dataset.8ffa063d-d274-4594-95c6-3b9167f3d0f9,8,experimental
129,LogNameAndEMailUpdate,[Log] Name and eMail Update,ri.foundry.main.dataset.23bf45cd-c4ec-4ba6-8796-39aff019dec4,12,experimental
130,LogSendToEnzoSideEffectAndMarkAsSent,[Log] Enzo Mailsend run function Bulk,ri.foundry.main.dataset.2f01b266-dcbd-44c0-8a20-945d53998710,10,experimental
131,LogSetupMultipleWebAppUsers,[Log] [Webhook][App] Setup Multiple Web App Users,ri.foundry.main.dataset.87e3c14f-cf33-4676-8d33-71c8d88d8591,10,experimental
132,LogSetupWebAppUser,[Log] [Webhook][App] Setup Web App User,ri.foundry.main.dataset.f2389f6c-48ec-4410-8fd7-ce2d3f9b8a71,14,experimental
133,LogTriggerSummitProfileCreation,[Log] Trigger Summit Profile Creation,ri.foundry.main.dataset.a5175976-f19f-4d39-8af0-8e065d819d6d,10,experimental
134,LogUpdateOpportunity,[Log] Update Opportunity,ri.foundry.main.dataset.e2e333b0-8ed6-4e15-9bb6-c1a533216a29,14,experimental
135,LogUpdateSubscriptionStartDate,[Log] Update Subscription Start Date,ri.foundry.main.dataset.02212f81-9cdb-44bd-879d-63be14bca698,8,experimental
136,LogUpdateSubscriptionStatus,[Log] [Webhook][App] Update User Subscription Statuses,ri.foundry.main.dataset.36f2e2f0-c785-45d9-9450-f0868a9eeb42,11,experimental
137,LogWebhookAppUpdateSubscriptionStatuses,[Log] [Webhook][App] Update Subscription Statuses,ri.foundry.main.dataset.3d1494ea-ff30-4c6f-b12c-5933c2d0839c,8,experimental
138,MarketingCampaign,Marketing Campaign,ri.foundry.main.dataset.02a253d6-656e-49a4-8edf-468ceebe5123,5,experimental
139,MarketingOffer,Marketing Offer,ri.foundry.main.dataset.8882cbc5-b680-4369-b114-8c669ffc3938,8,active
140,MarketingOfferParticipation,[MOP] Marketing Offer Participation,ri.foundry.main.dataset.727199e7-fa08-4054-8c9f-19b16600f747,283,active
141,MarketingOfferParticipationDaily,Marketing Offer Participation Daily,ri.foundry.main.dataset.76947f09-1cd1-481d-9705-cbf91237ffa4,21,experimental
142,MeetingForKnowledgeBase,Meeting For Knowledge Base,ri.foundry.main.dataset.43e3f890-1368-49f1-bcf3-139896aea29d,4,experimental
143,MeetingParticipationSegmentZoom_1,[Zoom] Meeting Participation Segment,ri.foundry.main.dataset.bc09ddf9-9e8d-4227-bfdb-67f1b7aa2122,23,active
144,MeetingParticipationZoom_1,[Zoom] Meeting Participant,ri.foundry.main.dataset.3ee3a3ab-201d-4476-a4d4-e5b640edff92,22,active
145,MeetingZoom,[Zoom] Meeting,ri.foundry.main.dataset.46c17806-fe92-401c-b5f9-78c71edb8fa0 | ri.foundry.main.dataset.0b43e679-c8a7-4422-ba27-6fe6a1eeb2a7 | ri.foundry.main.dataset.80c38fd2-649a-42df-bb9f-58dc78df41e2 | ri.foundry.main.dataset.a16a7377-c352-4e2c-add0-56423a1a5d88 | ri.foundry.main.dataset.6c8db4ac-5e72-4280-8b22-be10445596bf | ri.foundry.main.dataset.05144a2f-7a19-4357-98b4-dde284579d2a | ri.foundry.main.dataset.5ed243ff-24d1-47c8-90d7-24963c408c90,28,active
146,NoteForHighQualityCloseLeads,Note For High Quality Close Leads,ri.foundry.main.dataset.35a02ca7-c9ec-49f2-9554-9749dcafb676,22,active
147,Objection,Objection,ri.foundry.main.dataset.7a0d101c-ea77-4d53-9621-96c9c32016a4,6,experimental
148,OnboardingTrackerActionItem,[Onboarding Tracker] Action Item,ri.foundry.main.dataset.da602cda-84bf-48d8-85c6-cffa3800c194,5,experimental
149,OnboardingTrackerActionItemProgress,[Onboarding Tracker] Action Item Progress,ri.foundry.main.dataset.70b88c7c-516b-4e60-b0a9-65720874ea88,6,experimental
150,OnboardingTrackerUser,[Onboarding Tracker] User,ri.foundry.main.dataset.bdcbf212-c4ca-4a8d-8e8a-02ec5270c552,3,experimental
151,OnboardingTrackerUserActionMatrix,[Onboarding Tracker] User Action Matrix,ri.foundry.main.dataset.b94ad5f4-a912-43b5-bbc7-4f4967d57bc2,11,experimental
152,Opportunity,Opportunity,ri.foundry.main.dataset.ef83fcff-1cb4-4920-ac76-5b74930cf8f1,16,experimental
153,OpportunityNote,Opportunity Note,ri.foundry.main.dataset.d6bcb215-83f4-445e-a254-f3de39a9ab7d,5,experimental
154,Order,Order,ri.foundry.main.dataset.9078ba63-8233-4f98-9ba2-c914fde3df25,10,experimental
155,Part,Part,ri.foundry.main.dataset.2bec6686-4b52-4505-ba15-3b86271c934f,11,experimental
156,ParticipantZoom_1,[Zoom] Participation Metrics,ri.foundry.main.dataset.c928e708-53bd-49cb-857b-e9c2c496b8dd,32,active
157,PierrejeanLocation,[Pierrejean] Location,ri.foundry.main.dataset.13a44070-053e-4eb6-9900-7404812c01c8,3,experimental
158,PmfAppQuestion,[PMF] App Question,ri.foundry.main.dataset.e2cad055-44cb-4e26-a42e-22899bbbbe90,2,experimental
159,PmfInsight,[PMF] Insight,ri.foundry.main.dataset.d1e9c362-2d29-4dd7-bb69-8b19eefb8eed,10,experimental
160,PmfInsightGenerator,[PMF] Insight Generator,ri.foundry.main.dataset.c9908986-971b-4184-968b-ed746d7370ae,6,experimental
161,ProcessedStrukturanalyseImage,Processed Strukturanalyse Image ,ri.foundry.main.dataset.a4792308-5ac4-43ca-90fa-d09991c59ba1,5,experimental
162,ProductLecture,[Product] Lecture,ri.foundry.main.dataset.7cbb5b97-5973-46b1-ae54-98c07a10fab6,5,experimental
163,ProductModule,[Product] Module,ri.foundry.main.dataset.d8e47631-0bf7-4604-9423-ba97314788ff,5,experimental
164,ProductSessionType,[Product] Session-Type,ri.foundry.main.dataset.14205bf2-7797-4cf8-a093-dfedd4e5d04f,4,experimental
165,Program,Program,ri.foundry.main.dataset.5124827f-783a-48d2-a7ec-b4cdbc731f39,8,active
166,ProgramAppModuleLink,Program App Module Link,ri.foundry.main.dataset.148894e5-e763-4f3b-b209-907652dbd58b,4,experimental
167,PromptsAst,Prompts [AST],ri.foundry.main.dataset.88895081-d458-4055-b6a0-b5749b10f091,3,experimental
168,PromptsRuleEngine,Prompts Rule Engine,ri.foundry.main.dataset.1b4f8f63-51e5-42df-953a-446cf0744268,6,experimental
169,RawStrukturanalyseImage,Raw Strukturanalyse Image,ri.foundry.main.dataset.32fc0de2-f00c-4929-a7e9-9760c72cd8c0,5,experimental
170,ReasonToCallPerTouchpoint,Reason To Call Per Touchpoint,ri.foundry.main.dataset.e3c2cfec-11fc-4e7d-8a84-425baea99769,7,experimental
171,RecordingZoom,[Zoom] Recording,ri.foundry.main.dataset.d943eb00-f065-4e90-8d3b-58412920cb94,25,active
172,ReviewResponse,Review Response,ri.foundry.main.dataset.0130475f-9cae-470b-ba39-57202719bbae,7,experimental
173,ReviewResponseProcesse,Removed - Review Response Processedss,ri.foundry.main.dataset.819f2cbb-9623-48f3-855c-b23bae7358d9,7,experimental
174,ReviewResponseProcessed,Review Response Processed,ri.foundry.main.dataset.819f2cbb-9623-48f3-855c-b23bae7358d9,7,experimental
175,ReviewResponseRaw,Review Response Raw,ri.foundry.main.dataset.7c650064-96b2-4029-b429-4d0ae5f354ab,7,experimental
176,SalesAgent,Sales Agent,ri.foundry.main.dataset.75027166-81b0-4f16-8333-59035df21ae1,8,experimental
177,SalesAlerts,Sales Alerts,ri.foundry.main.dataset.d84891f3-7661-4259-a954-9d1c9826474b,12,experimental
178,SalesCrmAusbildungLeadEnriched,[Sales CRM] Ausbildung Lead Enriched,ri.foundry.main.dataset.fcb72177-dc9f-48ee-9de3-6c39da26d0cc,72,experimental
179,SalesCrmUsageLog,Sales CRM Usage Log,ri.foundry.main.dataset.3e78bb53-ab51-4937-82d2-dfb53ccb42d0,10,experimental
180,SalesRepresentative,[Waha] Sales Representative,ri.foundry.main.dataset.b205dd2f-fff6-4247-8600-c2431c78661a,9,experimental
181,SchmerzfreiUmfrageFuBo,[Funnelbox] Schmerzfrei Umfrage,ri.foundry.main.dataset.b76df5c6-c5a2-4b16-817f-038a7f2b74cf,13,experimental
182,SessionInfo,Session Info,ri.foundry.main.dataset.66943331-7100-4ada-a14c-1174c06b2ce8,7,experimental
183,SessionParticipation,App Session Participation,ri.foundry.main.dataset.1755f5da-84ad-4f71-9367-31a88b777945,15,active
184,SessionParticipationSubscription,Session Participation Subscription,ri.foundry.main.dataset.7bd4c74f-a303-442a-a0d2-67cb55628409,5,experimental
185,Sessions,Session  Happened,ri.foundry.main.dataset.74c4d9ad-986d-4dd9-a68d-4741dc9e02f7,8,experimental
186,ShortLeadProfile,Short Lead Profile,ri.foundry.main.dataset.905216f7-6849-4e46-8338-78550ace86cf,2,active
187,SignedMarketingOfferParticipation,Signed Marketing Offer Participation,ri.foundry.main.dataset.c5e4d5fe-44f5-4ba2-aa61-73b408ee78a8,28,experimental
188,SkoolCommunity,[Skool] Community,ri.foundry.main.dataset.7601d94e-7f93-4743-a8da-673b84492df3,9,experimental
189,SkoolMember,[Skool] Member,ri.foundry.main.dataset.9b3f0687-e7c8-4253-b16e-14ea947dc74b,9,experimental
190,SkoolPost,[Skool] Post,ri.foundry.main.dataset.fd50b3c2-be25-4000-a387-c793b4d8cf00,11,experimental
191,SkoolPostComment,[Skool] Post Comment,ri.foundry.main.dataset.2ed133e5-e615-40fb-8479-103182c2e4c7,10,experimental
192,SpeakerKickscale,Speaker [Kickscale],ri.foundry.main.dataset.e5c00ee9-1a3a-4896-875c-fb3df4edc431,6,experimental
193,StructureAnalysisElement,Structure Analysis Element,ri.foundry.main.dataset.a2788624-ba19-4e5e-85fe-671a28cf3199,21,experimental
194,StructureAnalysisInstance,Structure Analysis Instance,ri.foundry.main.dataset.adda7151-51aa-4619-a3b2-96c80767b06f,17,experimental
195,StrukturAnalyseWithConsent,[Summit App] Struktur Analyse With Consent,ri.foundry.main.dataset.dd81b277-20ab-40bf-a1b7-925bcec3e5c4,31,active
196,Strukturanalyse,Strukturanalyse,ri.foundry.main.dataset.cb83a835-048e-4d6b-83df-b3db76bd23ab,24,experimental
197,StrukturanalyseForOsdk,Strukturanalyse for OSDK,ri.foundry.main.dataset.ad0da4ba-74aa-40d0-b8b9-08dc4331e314,21,experimental
198,Subscription,Subscription,ri.foundry.main.dataset.c2314d6b-7b1a-4d3c-9850-785286c36f73,15,active
199,SubscriptionLectureProgress,Subscription Lecture Progress,ri.foundry.main.dataset.eb480452-eb84-4ac7-b7fd-01d8cb78c4d5,7,experimental
200,SubscriptionModuleProgress,Subscription Module Progress,ri.foundry.main.dataset.c38f36d3-f7d2-47c7-994f-cb89a06394df,10,experimental
201,SubscriptionPause,Subscription Pause,ri.foundry.main.dataset.36f3a19a-d36a-40a5-b3f7-877a8b32c9b4,8,experimental
202,SummitAppDailySurveyAnswer,[Summit App] Daily Survey Answer,ri.foundry.main.dataset.86718b16-8923-4cc7-b3e0-87f2ad523264,9,experimental
203,SummitAppDailySurveyQuestion,[Summit App] Daily Survey Question,ri.foundry.main.dataset.c92ce31f-d945-4f3f-8df6-c7d6fd66500f,11,experimental
204,SummitAppMindset,[Summit App] Mindset,ri.foundry.main.dataset.53948d56-1469-4151-8d07-82019e3afaa1,8,experimental
205,SummitAppMoment,[Summit App] Moment,ri.foundry.main.dataset.16712f89-3207-41f0-b8fe-c44f2b1ccc84,25,experimental
206,SummitAppStrukturanalyse,Summit app Strukturanalyse,ri.foundry.main.dataset.d107a7ad-4aa3-455b-be5e-4af429ad07fb,13,experimental
207,SummitAppUser,[Summit App] User,ri.foundry.main.dataset.dabc40cc-2449-41b0-9175-9cbf15c2d970,4,experimental
208,SummitAppVideoWatchData,[Summit App] Video Watch Data,ri.foundry.main.dataset.0c39e009-b2c2-40f3-be14-4be41a473061,18,experimental
209,SummitAppZoomRecordings,Summit App Zoom Recordings,ri.foundry.main.dataset.453c6c4d-d37e-457d-a40a-f93565a153b6,11,active
210,SummitProfile,Summit Profile,ri.foundry.main.dataset.5b0c6bfe-6628-40a9-becd-6617438a45bb | ri.foundry.main.dataset.38ca0817-f07a-4b2e-bd76-41a32ec5d944,51,experimental
211,SummitSessionChatParticipation,[Summit] Session Chat Participation,ri.foundry.main.dataset.73efc70e-d397-42af-aec7-3150c128721c,14,experimental
212,SummitStrukturanalyseWa,Summit  Strukturanalyse WA,ri.foundry.main.dataset.c3ee23a6-9b4b-4a60-9f1e-fe8e064af376,41,experimental
213,TaskKontextAst,Task-Kontext[AST],ri.foundry.main.dataset.d173a3f3-abba-4759-a01c-3ea8634c6906,3,experimental
214,TempOpportunitiesForAlerts,[Temp] Opportunities for alerts,ri.foundry.main.dataset.0a2a6e8d-3ba2-424a-8c32-1ba4016654b9,35,experimental
215,TicketActivityFluent,[Fluent] Ticket Activity,ri.foundry.main.dataset.3c9796e3-77f8-4765-b368-ef1b0db1a16e,16,active
216,TicketFluent,Ticket [Fluent],ri.foundry.main.dataset.3a81abe1-f94e-4a5e-9b4a-43a6302fc9b4 | ri.foundry.main.dataset.2e09af5c-899f-42ff-b783-a3d1dde185b7 | ri.foundry.main.dataset.ad828567-0512-4581-8dc4-6019c1e1bb27,53,active
217,Tob,TOB,ri.foundry.main.dataset.19dc9499-9007-46c5-a828-fa44210b386d,15,experimental
218,TobYoutubeAnalytics,[TOB] Youtube Analytics,ri.foundry.main.dataset.7451d3ec-c39c-44e5-b649-dea1d6306195,21,experimental
219,Touchpoint,Touchpoint,ri.foundry.main.dataset.7ea1aa71-e582-4b11-a3ea-4a46f31cc0cb,6,experimental
220,TouchpointUtilityDeterminatorPrompt,Touchpoint Utility Determinator Prompt,ri.foundry.main.dataset.ae1365a6-4b69-4d09-bae4-7e83a9459280,3,experimental
221,TouchpointV2,Touchpoint v2,ri.foundry.main.dataset.9e740306-505f-4592-b53f-1b19247cb751,22,experimental
222,TouchpointV2Embeddings,Touchpoint v2 Embeddings,ri.foundry.main.dataset.30459b29-3198-4e01-8ef4-468e93d2cbfa,21,experimental
223,TouchpointsV2Curated,Touchpoints v2 Curated,ri.foundry.main.dataset.4cbd4f9b-d736-411d-8f8f-331e879e82ee,19,active
224,TranscriptSegmentZoom_1,[Zoom] Transcript Segment,ri.foundry.main.dataset.8c910c4b-a0b2-4946-bc7a-ccf9a1d71bcd,17,active
225,TranscriptZoom,[Zoom] Transcript,ri.foundry.main.dataset.5c19ca8d-98a9-4a68-aff0-f6ab8bf2422a,40,active
226,TypedFact,Typed Fact,ri.foundry.main.dataset.b3332782-c1b9-4d85-ab59-0f0d58550c33,9,experimental
227,UploadedUserPicture,Uploaded User Picture,ri.foundry.main.dataset.705645e4-fa1f-4af9-b8d0-c8aeac41b3ec,4,experimental
228,UserMediaReference,User Media Reference,ri.foundry.main.dataset.fa8bf600-b71e-4cd3-bc19-5ea616b5d0e4,6,experimental
229,UserUpload,User Upload,ri.foundry.main.dataset.522c3da2-1b73-4f00-af70-8ac8fa2bdef9,4,experimental
230,VapiAssistantsHistory,[VAPI] Assistants History,ri.foundry.main.dataset.8e80445a-562b-46ad-a760-cd79b17a82e6,58,experimental
231,VapiAssistantsLatest,[VAPI] Assistants Latest,ri.foundry.main.dataset.1d9db0c6-6143-404e-9e7e-001c21ff03f0,56,experimental
232,VapiCallReview,[VAPI] Call Review,ri.foundry.main.dataset.41bf0bb0-3acd-4f61-8037-ca52f547f952,7,experimental
233,VapiCallTranscriptReference,[VAPI] Call Transcript Reference,ri.foundry.main.dataset.19ba5cee-7bb0-4ee6-b6ea-8364ad828504,6,experimental
234,VapiCalls,[VAPI] Calls,ri.foundry.main.dataset.5431b476-19e3-4668-81a3-fef7937d6920,154,experimental
235,VimeoVideo,[Vimeo] Video,ri.foundry.main.dataset.b48e9db0-d632-4b33-973c-5b745808c1e3,22,experimental
236,WahaConversation,[SalesCRM] [Waha] WA Conversation,ri.foundry.main.dataset.30d0290b-4a94-4402-b0f0-e966dcf927f3,40,experimental
237,WahaConversationLabel,[WAHA] Conversation Label,ri.foundry.main.dataset.37349d91-3f93-4041-8471-e0eddda32c90,3,experimental
238,WahaEditsNoRv,[WAHA] Message Edit (no RV),ri.foundry.main.dataset.118dac5c-1029-48e7-9076-7bdae5a8aff7,7,experimental
239,WahaImage,[Waha] Image,ri.gps.main.view.1b669eb5-bfab-429e-8e19-411004a0315d,6,experimental
240,WahaLabelSyncLog,[Waha] Label Sync Log,ri.foundry.main.dataset.fe04e1e8-64e8-482e-81e6-0b3b7f149b84,11,experimental
241,WahaLead,WAHA Lead,ri.foundry.main.dataset.cb746756-8010-4db4-a190-ffb66d1e6048,35,experimental
242,WahaLeadDraft,WAHA Lead Draft,ri.foundry.main.dataset.74cca3ca-4679-467a-b900-9f8462e12eae,8,experimental
243,WahaMessageDeletedNoRv,[WAHA] Message Deleted (No RV),ri.foundry.main.dataset.a489fa51-7c87-4f0a-ae34-282dd04c8ee6,6,experimental
244,WahaMessageNoRv,[Waha] Message (no RV),ri.foundry.main.dataset.941c8907-867e-4b1f-8ef1-35497947de15,36,experimental
245,WahaMopLead,WAHA MOP Lead,ri.foundry.main.dataset.05f6fc19-1793-4695-a8f9-d5e5262a744b,14,experimental
246,WahaSessionStatus,[Waha] Sessions Status,ri.foundry.main.dataset.c121d268-4ac5-4927-8896-9a1044e29689,7,experimental
247,WahaStreamAudioMessageWithTranscription,[WAHA] Stream Audio Message With Transcription,ri.foundry.main.dataset.076921c6-d636-48fa-99c0-e4a154cf3041,19,experimental
248,WahaStrukturAnalyseImage,[WAHA] Struktur Analyse Image,ri.foundry.main.dataset.f5b031b9-fdb6-4d3a-b64c-f77bf4b5ebf6,16,experimental
249,WhatsAppChatV2,[Funnelbox] WhatsApp Chat,ri.foundry.main.dataset.6265f81a-e56b-484c-8481-9e8a5d7dffe0,25,active
250,WhatsAppMessageV4,Whats App Message V4,ri.foundry.main.dataset.51a505d5-edca-4eca-8e1f-58dac36193d6,28,experimental
251,WhatsAppThreadV4,Whats App Thread V4,ri.foundry.main.dataset.893a1bf4-9185-43f3-bf99-efb2a1955944,7,experimental
252,WhatsappDraftGeneration,Whatsapp Draft Generation,ri.foundry.main.dataset.1682c77c-7341-4281-80b4-c60e1196908b,8,experimental
253,WhatsappGenerationJobQueue,Whatsapp Generation Job Queue,ri.foundry.main.dataset.9a4dffa5-d486-49ec-9b9d-3dd3a6b1b283,10,experimental
254,WorkshopApplications,Workshop Applications,ri.foundry.main.dataset.9200aa84-7385-4730-9572-2ccf318fdea0,5,experimental
255,YoutubeAnalytics,Youtube Analytics,ri.foundry.main.dataset.a56ce36d-c7ef-4242-aa2d-4555236b9ef1,22,experimental
256,ZoomAudioMedia,[Zoom] Audio Media,ri.foundry.main.dataset.3d3ebfa8-3a2f-4db4-a139-6f675f093210,42,experimental
257,ZoomCallToAction,[Zoom] Call To Action,ri.foundry.main.dataset.e66e4748-3873-447c-88fc-fb44169ac8a5,24,experimental
258,ZoomChatInsight,[Zoom] Chat Insight,ri.foundry.main.dataset.6d3abbfc-4a22-47f0-a41d-03bea1390aec,10,experimental
259,ZoomChatKeywords,Zoom Chat Keywords,ri.foundry.main.dataset.b33c002a-2388-4e01-8db6-b58c4f80184c,6,experimental
260,ZoomCtaSearch,[Zoom] CTA Search,ri.foundry.main.dataset.437d9d0b-9640-4dee-b3cc-0cc42cc57833,13,experimental
261,ZoomDownloadUrlList,Zoom Download URL List,ri.foundry.main.dataset.8a01d57c-97f0-480c-adcd-768d3d522bec,34,experimental
262,ZoomEventSessionAttendance,[Zoom] Event Session Attendance,ri.foundry.main.dataset.970e4d88-7223-4e8a-a1da-980917aa28dd,52,active
263,ZoomEventSession_2,[Zoom] Event Session,ri.foundry.main.dataset.79ce12ea-f44f-4233-9da5-484c48239844,52,active
264,ZoomEventsZoom_1,[Zoom] Event,ri.foundry.main.dataset.dd5179a3-ecad-492e-a002-10d63a9d6a8e,13,active
265,ZoomLightChatMessage,[Zoom][Light] Chat Message,ri.foundry.main.dataset.ebe143ed-e6d6-40f8-a39d-91d2e6ae0d6c,12,experimental
266,ZoomMeetingCurrentAttende,Zoom Meeting Current Attende,ri.foundry.main.dataset.21335c5a-17d9-4eed-b2ea-1aec8243fdb4,24,experimental
267,ZoomMeetingStartedIncremental,EXPERIMENTAL Zoom Meeting Started Incremental,ri.foundry.main.dataset.84432d35-ead8-4096-b5ee-7f3645bde93c,13,experimental
268,ZoomMeetingStartedIncrementalDirect,EXPERIMENTAL Zoom Meeting Started Incremental Direct,ri.foundry.main.dataset.682bfc9a-7f43-4631-923c-2ce03bd7d54f,13,experimental
269,ZoomMessagesIncremental,EXPERIMENTAL Zoom Messages Incremental,ri.foundry.main.dataset.f8883d33-2949-4ee7-9d4c-9193d16cc447,20,experimental
270,ZoomQA_2,[Zoom] Meeting Polls Q&A,ri.foundry.main.dataset.12fb612a-4fb8-4e23-8b08-bc4cea133935,8,active
271,ZoomRecordingSessionWatchtime,[Zoom] Session Recording Day Segments,ri.foundry.main.dataset.d7891b26-a544-4398-8ce4-6bae49fdb673,7,experimental
272,ZoomStreamChatMessage,[Zoom][Stream] Chat Message,ri.foundry.main.dataset.d4fd3244-9edd-4559-aaa6-82c8fdf86597,78,experimental
273,ZoomSuggestedSessionDescription,[Zoom] Suggested Session Description,ri.foundry.main.dataset.9e4e980f-6292-4e12-b002-bf8c7d5b4365,8,experimental
274,ZoomSummitTranscipt,[Zoom] Summit Session Summary,ri.foundry.main.dataset.23a9ef94-19a8-44ea-9136-cd9be2046167,6,active
275,ZoomSurveyQA,[Zoom] Survey Q&A,ri.foundry.main.dataset.03091f70-c346-49c0-b0fc-1cbd97c4693b,12,experimental
276,ZoomSurveyQuestion,[Zoom] Survey Question,ri.foundry.main.dataset.103bbbb6-584f-4c7d-ab1c-d43b49526427,8,experimental
277,ZoomTicketJoinLink,[Zoom] Ticket Join Link,ri.foundry.main.dataset.ed9a652f-628b-4cea-9302-e32db0cf2a18,5,experimental
278,ZoomTicketsZoom,[Zoom] Ticket,ri.foundry.main.dataset.1ed27e23-4657-4c48-88c5-121735e9131c,17,active
279,ZoomToZapierForVimeo,Payload to Zoom,ri.foundry.main.dataset.3c25fad8-401e-4df5-8b7c-bbce1d09fb8d,12,active
280,ZoomTranscriptBlock,[Zoom] Transcript Block,ri.foundry.main.dataset.b2b9e72d-b4dc-4c97-95ad-cedf00e49ae2,17,experimental
281,ZoomTranscriptChunksEmbedding,[Zoom] Transcript Chunks Embedding,ri.foundry.main.dataset.8f190732-5162-484e-bff3-7eca89bafca5,19,active
282,ZoomTranscriptsRaw,[Zoom] Transcripts raw,ri.foundry.main.dataset.906b611f-62f8-4009-b8ea-7bd43eced258,35,experimental
283,ZoomVideoMedia,[Zoom] Video Media,ri.foundry.main.dataset.97a6e172-468e-4fa5-80f2-1e063568d4e6,42,experimental
284,ZoomZapierWebhook,Zoom Recording daten fur Zoom,ri.foundry.main.dataset.9e26517c-8968-45f8-a7cc-3d3fb22abbd0,43,experimental
285,_11LabsAgent,[11 Labs] Agent,ri.foundry.main.dataset.94d72d56-5304-4ecd-979a-2fc5f6bd01cb,12,experimental
286,_11LabsAgentHistory,[11 Labs] Agent History,ri.foundry.main.dataset.eaccb831-ee4b-4cf1-a127-ff47febfe5f6,13,experimental
287,_11LabsAgentUserFeedback,[11 Labs] Agent User Feedback,ri.foundry.main.dataset.501388ff-65a1-4fbc-a43b-ba9783b669ac,5,active
288,_11LabsAgentWorkflowEdge,[11 Labs] Agent Workflow Edge,ri.foundry.main.dataset.4a0cc912-69cc-420e-a015-d32b50558e3c,6,experimental
289,_11LabsAgentWorkflowNode,[11 Labs] Agent Workflow Node,ri.foundry.main.dataset.a9aa16f3-e2ae-4ced-a60a-cae91b2e3343,9,experimental
290,_11LabsCallReview,[11 Labs] Call Review,ri.foundry.main.dataset.7927c1ce-c3aa-4c81-b90e-05a776c24c74,6,experimental
291,_11LabsEvaluationCriteria,[11 Labs] Evaluation Criteria,ri.foundry.main.dataset.546dfab0-071a-4f18-9cd2-9c2c781dd7a4,6,experimental
292,_11LabsInsightAnswer,[11 Labs] Insight Answer,ri.foundry.main.dataset.d61b2d17-f42c-4d47-a600-55d5132254d4,9,experimental
293,_11LabsInsightQuestion,[11 Labs] Insight Question,ri.foundry.main.dataset.4dd41b76-4121-4e1e-848d-ee8c9ff34a4d,4,experimental
294,_11LabsInsightQueue,[11 Labs] Insight Queue,ri.foundry.main.dataset.a3f75a25-7e80-41cf-b482-525521cabb1b,6,experimental
295,_11LabsPhoneCall,[11 Labs] Phone Call,ri.foundry.main.dataset.2854bfa5-7e71-4519-b904-ca70cbe28423,9,experimental
296,_11LabsPhoneCallInformation,[11 Labs] Phone Call Information,ri.foundry.main.dataset.c33db028-7ae5-4731-a359-bfd436efe6fc,42,active
297,_11LabsTranscriptSegment,[11 Labs] Transcript Segment,ri.foundry.main.dataset.f2bce568-dae4-41e4-957d-f4b26b298b21,15,experimental
298,_11LabsTranscriptSegmentReview,[11 Labs] Transcript Segment Review,ri.foundry.main.dataset.93585afe-07fd-49b3-a0b3-4da8cb4f2cea,12,experimental
299,agentPrompt,Agent Prompt [AST],ri.foundry.main.dataset.87963f41-34ff-40ed-b337-a9297d2fc839,5,experimental
300,contact,Contact [AST],ri.foundry.main.dataset.87963f41-34ff-40ed-b337-a9297d2fc839,5,experimental
301,context,Context [AST],ri.foundry.main.dataset.87963f41-34ff-40ed-b337-a9297d2fc839,3,experimental
302,inboxItem,Inbox Item [AST],ri.foundry.main.dataset.87963f41-34ff-40ed-b337-a9297d2fc839,5,experimental
303,initiative,Initiative [AST],ri.foundry.main.dataset.73ad1853-4b93-4d2e-b8ec-20abc5e496a6,9,experimental
304,leadProfilev2,Lead Profile,ri.foundry.main.dataset.986f39ec-b6ff-48ac-9dcb-7e4faebb0007 | ri.foundry.main.dataset.90c230e2-6f46-42c0-b84e-884c4aad1bee,7,active
305,task,Task [AST],ri.foundry.main.dataset.73ad1853-4b93-4d2e-b8ec-20abc5e496a6,10,experimental