"action","timestamp","version","userId","workspaceId","payload"
"apiKey.created","2024-10-24 15:55:35.177","1","20202020-9e3b-46d4-a556-88b9ddc2b034","20202020-1c25-4d02-bf25-6aeccf7ea419","{}"
"apiKey.created","2024-10-24 15:55:35.178","1","20202020-9e3b-46d4-a556-88b9ddc2b034","20202020-1c25-4d02-bf25-6aeccf7ea419","{}"
"apiKey.created","2024-10-24 15:55:35.212","1","20202020-9e3b-46d4-a556-88b9ddc2b034","20202020-1c25-4d02-bf25-6aeccf7ea419","{}"
"apiKey.created","2024-10-24 15:57:42.810","1","20202020-9e3b-46d4-a556-88b9ddc2b034","20202020-1c25-4d02-bf25-6aeccf7ea419","{}"
"apiKey.created","2024-10-24 15:57:42.812","1","20202020-9e3b-46d4-a556-88b9ddc2b034","20202020-1c25-4d02-bf25-6aeccf7ea419","{}"
"apiKey.created","2024-10-24 15:57:42.989","1","20202020-9e3b-46d4-a556-88b9ddc2b034","20202020-1c25-4d02-bf25-6aeccf7ea419","{}"
"apiKey.created","2024-10-24 16:03:18.134","1","20202020-9e3b-46d4-a556-88b9ddc2b034","20202020-1c25-4d02-bf25-6aeccf7ea419","{}"
"apiKey.created","2024-10-24 16:03:18.135","1","20202020-9e3b-46d4-a556-88b9ddc2b034","20202020-1c25-4d02-bf25-6aeccf7ea419","{}"
"apiKey.created","2024-10-24 16:03:18.205","1","20202020-9e3b-46d4-a556-88b9ddc2b034","20202020-1c25-4d02-bf25-6aeccf7ea419","{}"
"attachment.created","2024-10-24 15:55:31.949","1","20202020-9e3b-46d4-a556-88b9ddc2b034","20202020-1c25-4d02-bf25-6aeccf7ea419","{}"
"attachment.created","2024-10-24 15:55:31.950","1","20202020-9e3b-46d4-a556-88b9ddc2b034","20202020-1c25-4d02-bf25-6aeccf7ea419","{}"
"attachment.created","2024-10-24 15:55:32.027","1","20202020-9e3b-46d4-a556-88b9ddc2b034","20202020-1c25-4d02-bf25-6aeccf7ea419","{}"
"attachment.created","2024-10-24 15:57:31.970","1","20202020-9e3b-46d4-a556-88b9ddc2b034","20202020-1c25-4d02-bf25-6aeccf7ea419","{}"
"attachment.created","2024-10-24 15:57:31.979","1","20202020-9e3b-46d4-a556-88b9ddc2b034","20202020-1c25-4d02-bf25-6aeccf7ea419","{}"
"attachment.created","2024-10-24 15:57:34.033","1","20202020-9e3b-46d4-a556-88b9ddc2b034","20202020-1c25-4d02-bf25-6aeccf7ea419","{}"
"attachment.created","2024-10-24 16:03:17.602","1","20202020-9e3b-46d4-a556-88b9ddc2b034","20202020-1c25-4d02-bf25-6aeccf7ea419","{}"
"attachment.created","2024-10-24 16:03:17.602","1","20202020-9e3b-46d4-a556-88b9ddc2b034","20202020-1c25-4d02-bf25-6aeccf7ea419","{}"
"attachment.created","2024-10-24 16:03:17.755","1","20202020-9e3b-46d4-a556-88b9ddc2b034","20202020-1c25-4d02-bf25-6aeccf7ea419","{}"
"auditLog.created","2024-10-24 15:55:33.498","1","20202020-9e3b-46d4-a556-88b9ddc2b034","20202020-1c25-4d02-bf25-6aeccf7ea419","{}"
"auditLog.created","2024-10-24 15:55:33.499","1","20202020-9e3b-46d4-a556-88b9ddc2b034","20202020-1c25-4d02-bf25-6aeccf7ea419","{}"
"auditLog.created","2024-10-24 15:55:33.602","1","20202020-9e3b-46d4-a556-88b9ddc2b034","20202020-1c25-4d02-bf25-6aeccf7ea419","{}"
"auditLog.created","2024-10-24 15:57:42.984","1","20202020-9e3b-46d4-a556-88b9ddc2b034","20202020-1c25-4d02-bf25-6aeccf7ea419","{}"
"auditLog.created","2024-10-24 15:57:42.986","1","20202020-9e3b-46d4-a556-88b9ddc2b034","20202020-1c25-4d02-bf25-6aeccf7ea419","{}"
"auditLog.created","2024-10-24 15:57:43.219","1","20202020-9e3b-46d4-a556-88b9ddc2b034","20202020-1c25-4d02-bf25-6aeccf7ea419","{}"
"auditLog.created","2024-10-24 16:03:19.139","1","20202020-9e3b-46d4-a556-88b9ddc2b034","20202020-1c25-4d02-bf25-6aeccf7ea419","{}"
"auditLog.created","2024-10-24 16:03:19.141","1","20202020-9e3b-46d4-a556-88b9ddc2b034","20202020-1c25-4d02-bf25-6aeccf7ea419","{}"
"auditLog.created","2024-10-24 16:03:19.289","1","20202020-9e3b-46d4-a556-88b9ddc2b034","20202020-1c25-4d02-bf25-6aeccf7ea419","{}"
"blocklist.created","2024-10-24 15:55:33.732","1","20202020-9e3b-46d4-a556-88b9ddc2b034","20202020-1c25-4d02-bf25-6aeccf7ea419","{}"
"blocklist.created","2024-10-24 15:55:33.733","1","20202020-9e3b-46d4-a556-88b9ddc2b034","20202020-1c25-4d02-bf25-6aeccf7ea419","{}"
"blocklist.created","2024-10-24 15:55:33.836","1","20202020-9e3b-46d4-a556-88b9ddc2b034","20202020-1c25-4d02-bf25-6aeccf7ea419","{}"
"blocklist.created","2024-10-24 15:57:43.255","1","20202020-9e3b-46d4-a556-88b9ddc2b034","20202020-1c25-4d02-bf25-6aeccf7ea419","{}"
"blocklist.created","2024-10-24 15:57:43.257","1","20202020-9e3b-46d4-a556-88b9ddc2b034","20202020-1c25-4d02-bf25-6aeccf7ea419","{}"
"blocklist.created","2024-10-24 15:57:43.454","1","20202020-9e3b-46d4-a556-88b9ddc2b034","20202020-1c25-4d02-bf25-6aeccf7ea419","{}"
"blocklist.created","2024-10-24 16:03:18.813","1","20202020-9e3b-46d4-a556-88b9ddc2b034","20202020-1c25-4d02-bf25-6aeccf7ea419","{}"
"blocklist.created","2024-10-24 16:03:18.814","1","20202020-9e3b-46d4-a556-88b9ddc2b034","20202020-1c25-4d02-bf25-6aeccf7ea419","{}"
"blocklist.created","2024-10-24 16:03:19.148","1","20202020-9e3b-46d4-a556-88b9ddc2b034","20202020-1c25-4d02-bf25-6aeccf7ea419","{}"
"calendarChannel.created","2024-10-24 15:55:31.547","1","20202020-9e3b-46d4-a556-88b9ddc2b034","20202020-1c25-4d02-bf25-6aeccf7ea419","{}"
"calendarChannel.created","2024-10-24 15:55:32.156","1","20202020-9e3b-46d4-a556-88b9ddc2b034","20202020-1c25-4d02-bf25-6aeccf7ea419","{}"
"calendarChannel.created","2024-10-24 15:55:32.158","1","20202020-9e3b-46d4-a556-88b9ddc2b034","20202020-1c25-4d02-bf25-6aeccf7ea419","{}"
"calendarChannel.created","2024-10-24 15:55:32.279","1","20202020-9e3b-46d4-a556-88b9ddc2b034","20202020-1c25-4d02-bf25-6aeccf7ea419","{}"
"calendarChannel.created","2024-10-24 15:57:26.908","1","20202020-9e3b-46d4-a556-88b9ddc2b034","20202020-1c25-4d02-bf25-6aeccf7ea419","{}"
"calendarChannel.created","2024-10-24 15:57:26.914","1","20202020-9e3b-46d4-a556-88b9ddc2b034","20202020-1c25-4d02-bf25-6aeccf7ea419","{}"
"calendarChannel.created","2024-10-24 15:57:26.914","1","20202020-9e3b-46d4-a556-88b9ddc2b034","20202020-1c25-4d02-bf25-6aeccf7ea419","{}"
"calendarChannel.created","2024-10-24 15:57:27.059","1","20202020-9e3b-46d4-a556-88b9ddc2b034","20202020-1c25-4d02-bf25-6aeccf7ea419","{}"
"calendarChannel.created","2024-10-24 16:03:16.523","1","20202020-9e3b-46d4-a556-88b9ddc2b034","20202020-1c25-4d02-bf25-6aeccf7ea419","{}"
"calendarChannel.created","2024-10-24 16:03:16.524","1","20202020-9e3b-46d4-a556-88b9ddc2b034","20202020-1c25-4d02-bf25-6aeccf7ea419","{}"
"calendarChannel.created","2024-10-24 16:03:16.525","1","20202020-9e3b-46d4-a556-88b9ddc2b034","20202020-1c25-4d02-bf25-6aeccf7ea419","{}"
"calendarChannel.created","2024-10-24 16:03:16.686","1","20202020-9e3b-46d4-a556-88b9ddc2b034","20202020-1c25-4d02-bf25-6aeccf7ea419","{}"
"calendarChannelEventAssociation.created","2024-10-24 15:55:32.230","1","20202020-9e3b-46d4-a556-88b9ddc2b034","20202020-1c25-4d02-bf25-6aeccf7ea419","{}"
"calendarChannelEventAssociation.created","2024-10-24 15:55:32.231","1","20202020-9e3b-46d4-a556-88b9ddc2b034","20202020-1c25-4d02-bf25-6aeccf7ea419","{}"
"calendarChannelEventAssociation.created","2024-10-24 15:55:32.334","1","20202020-9e3b-46d4-a556-88b9ddc2b034","20202020-1c25-4d02-bf25-6aeccf7ea419","{}"
"calendarChannelEventAssociation.created","2024-10-24 15:57:27.238","1","20202020-9e3b-46d4-a556-88b9ddc2b034","20202020-1c25-4d02-bf25-6aeccf7ea419","{}"
"calendarChannelEventAssociation.created","2024-10-24 15:57:27.238","1","20202020-9e3b-46d4-a556-88b9ddc2b034","20202020-1c25-4d02-bf25-6aeccf7ea419","{}"
"calendarChannelEventAssociation.created","2024-10-24 15:57:27.611","1","20202020-9e3b-46d4-a556-88b9ddc2b034","20202020-1c25-4d02-bf25-6aeccf7ea419","{}"
"calendarChannelEventAssociation.created","2024-10-24 16:03:16.756","1","20202020-9e3b-46d4-a556-88b9ddc2b034","20202020-1c25-4d02-bf25-6aeccf7ea419","{}"
"calendarChannelEventAssociation.created","2024-10-24 16:03:16.757","1","20202020-9e3b-46d4-a556-88b9ddc2b034","20202020-1c25-4d02-bf25-6aeccf7ea419","{}"
"calendarChannelEventAssociation.created","2024-10-24 16:03:16.861","1","20202020-9e3b-46d4-a556-88b9ddc2b034","20202020-1c25-4d02-bf25-6aeccf7ea419","{}"
"calendarEvent.created","2024-10-24 15:55:31.420","1","20202020-9e3b-46d4-a556-88b9ddc2b034","20202020-1c25-4d02-bf25-6aeccf7ea419","{}"
"calendarEvent.created","2024-10-24 15:55:32.015","1","20202020-9e3b-46d4-a556-88b9ddc2b034","20202020-1c25-4d02-bf25-6aeccf7ea419","{}"
"calendarEvent.created","2024-10-24 15:57:26.778","1","20202020-9e3b-46d4-a556-88b9ddc2b034","20202020-1c25-4d02-bf25-6aeccf7ea419","{}"
"calendarEvent.created","2024-10-24 15:57:27.090","1","20202020-9e3b-46d4-a556-88b9ddc2b034","20202020-1c25-4d02-bf25-6aeccf7ea419","{}"
"calendarEvent.created","2024-10-24 16:03:16.377","1","20202020-9e3b-46d4-a556-88b9ddc2b034","20202020-1c25-4d02-bf25-6aeccf7ea419","{}"
"calendarEvent.created","2024-10-24 16:03:16.692","1","20202020-9e3b-46d4-a556-88b9ddc2b034","20202020-1c25-4d02-bf25-6aeccf7ea419","{}"
"calendarEventParticipant.created","2024-10-24 15:55:31.728","1","20202020-9e3b-46d4-a556-88b9ddc2b034","20202020-1c25-4d02-bf25-6aeccf7ea419","{}"
"calendarEventParticipant.created","2024-10-24 15:55:31.730","1","20202020-9e3b-46d4-a556-88b9ddc2b034","20202020-1c25-4d02-bf25-6aeccf7ea419","{}"
"calendarEventParticipant.created","2024-10-24 15:55:32.060","1","20202020-9e3b-46d4-a556-88b9ddc2b034","20202020-1c25-4d02-bf25-6aeccf7ea419","{}"
"calendarEventParticipant.created","2024-10-24 15:57:26.901","1","20202020-9e3b-46d4-a556-88b9ddc2b034","20202020-1c25-4d02-bf25-6aeccf7ea419","{}"
"calendarEventParticipant.created","2024-10-24 15:57:26.902","1","20202020-9e3b-46d4-a556-88b9ddc2b034","20202020-1c25-4d02-bf25-6aeccf7ea419","{}"
"calendarEventParticipant.created","2024-10-24 15:57:27.045","1","20202020-9e3b-46d4-a556-88b9ddc2b034","20202020-1c25-4d02-bf25-6aeccf7ea419","{}"
"calendarEventParticipant.created","2024-10-24 16:03:16.517","1","20202020-9e3b-46d4-a556-88b9ddc2b034","20202020-1c25-4d02-bf25-6aeccf7ea419","{}"
"calendarEventParticipant.created","2024-10-24 16:03:16.517","1","20202020-9e3b-46d4-a556-88b9ddc2b034","20202020-1c25-4d02-bf25-6aeccf7ea419","{}"
"calendarEventParticipant.created","2024-10-24 16:03:16.682","1","20202020-9e3b-46d4-a556-88b9ddc2b034","20202020-1c25-4d02-bf25-6aeccf7ea419","{}"
"company.created","2024-10-22 09:31:13.563","1","20202020-9e3b-46d4-a556-88b9ddc2b034","20202020-1c25-4d02-bf25-6aeccf7ea419","{}"
"company.created","2024-10-22 10:17:00.671","1","20202020-9e3b-46d4-a556-88b9ddc2b034","20202020-1c25-4d02-bf25-6aeccf7ea419","{}"
"company.created","2024-10-22 13:16:50.935","1","20202020-9e3b-46d4-a556-88b9ddc2b034","20202020-1c25-4d02-bf25-6aeccf7ea419","{}"
"company.created","2024-10-24 15:55:36.922","1","20202020-9e3b-46d4-a556-88b9ddc2b034","20202020-1c25-4d02-bf25-6aeccf7ea419","{}"
"company.created","2024-10-24 15:55:36.927","1","20202020-9e3b-46d4-a556-88b9ddc2b034","20202020-1c25-4d02-bf25-6aeccf7ea419","{}"
"company.created","2024-10-24 15:55:38.123","1","20202020-9e3b-46d4-a556-88b9ddc2b034","20202020-1c25-4d02-bf25-6aeccf7ea419","{}"
"company.created","2024-10-24 15:57:34.430","1","20202020-9e3b-46d4-a556-88b9ddc2b034","20202020-1c25-4d02-bf25-6aeccf7ea419","{}"
"company.created","2024-10-24 15:57:34.443","1","20202020-9e3b-46d4-a556-88b9ddc2b034","20202020-1c25-4d02-bf25-6aeccf7ea419","{}"
"company.created","2024-10-24 15:57:37.343","1","20202020-9e3b-46d4-a556-88b9ddc2b034","20202020-1c25-4d02-bf25-6aeccf7ea419","{}"
"company.created","2024-10-24 16:03:17.741","1","20202020-9e3b-46d4-a556-88b9ddc2b034","20202020-1c25-4d02-bf25-6aeccf7ea419","{}"
"company.created","2024-10-24 16:03:17.742","1","20202020-9e3b-46d4-a556-88b9ddc2b034","20202020-1c25-4d02-bf25-6aeccf7ea419","{}"
"company.created","2024-10-24 16:03:17.854","1","20202020-9e3b-46d4-a556-88b9ddc2b034","20202020-1c25-4d02-bf25-6aeccf7ea419","{}"
"connectedAccount.created","2024-10-24 15:55:31.333","1","20202020-9e3b-46d4-a556-88b9ddc2b034","20202020-1c25-4d02-bf25-6aeccf7ea419","{}"
"connectedAccount.created","2024-10-24 15:55:33.225","1","20202020-9e3b-46d4-a556-88b9ddc2b034","20202020-1c25-4d02-bf25-6aeccf7ea419","{}"
"connectedAccount.created","2024-10-24 15:55:33.226","1","20202020-9e3b-46d4-a556-88b9ddc2b034","20202020-1c25-4d02-bf25-6aeccf7ea419","{}"
"connectedAccount.created","2024-10-24 15:55:33.271","1","20202020-9e3b-46d4-a556-88b9ddc2b034","20202020-1c25-4d02-bf25-6aeccf7ea419","{}"
"connectedAccount.created","2024-10-24 15:57:26.651","1","20202020-9e3b-46d4-a556-88b9ddc2b034","20202020-1c25-4d02-bf25-6aeccf7ea419","{}"
"connectedAccount.created","2024-10-24 15:57:44.533","1","20202020-9e3b-46d4-a556-88b9ddc2b034","20202020-1c25-4d02-bf25-6aeccf7ea419","{}"
"connectedAccount.created","2024-10-24 15:57:44.534","1","20202020-9e3b-46d4-a556-88b9ddc2b034","20202020-1c25-4d02-bf25-6aeccf7ea419","{}"
"connectedAccount.created","2024-10-24 15:57:44.621","1","20202020-9e3b-46d4-a556-88b9ddc2b034","20202020-1c25-4d02-bf25-6aeccf7ea419","{}"
"connectedAccount.created","2024-10-24 16:03:16.374","1","20202020-9e3b-46d4-a556-88b9ddc2b034","20202020-1c25-4d02-bf25-6aeccf7ea419","{}"
"connectedAccount.created","2024-10-24 16:03:18.781","1","20202020-9e3b-46d4-a556-88b9ddc2b034","20202020-1c25-4d02-bf25-6aeccf7ea419","{}"
"connectedAccount.created","2024-10-24 16:03:18.782","1","20202020-9e3b-46d4-a556-88b9ddc2b034","20202020-1c25-4d02-bf25-6aeccf7ea419","{}"
"connectedAccount.created","2024-10-24 16:03:18.922","1","20202020-9e3b-46d4-a556-88b9ddc2b034","20202020-1c25-4d02-bf25-6aeccf7ea419","{}"
"favorite.created","2024-10-24 15:55:34.589","1","20202020-9e3b-46d4-a556-88b9ddc2b034","20202020-1c25-4d02-bf25-6aeccf7ea419","{}"
"favorite.created","2024-10-24 15:55:34.590","1","20202020-9e3b-46d4-a556-88b9ddc2b034","20202020-1c25-4d02-bf25-6aeccf7ea419","{}"
"favorite.created","2024-10-24 15:55:34.651","1","20202020-9e3b-46d4-a556-88b9ddc2b034","20202020-1c25-4d02-bf25-6aeccf7ea419","{}"
"favorite.created","2024-10-24 15:57:44.022","1","20202020-9e3b-46d4-a556-88b9ddc2b034","20202020-1c25-4d02-bf25-6aeccf7ea419","{}"
"favorite.created","2024-10-24 15:57:44.023","1","20202020-9e3b-46d4-a556-88b9ddc2b034","20202020-1c25-4d02-bf25-6aeccf7ea419","{}"
"favorite.created","2024-10-24 15:57:44.183","1","20202020-9e3b-46d4-a556-88b9ddc2b034","20202020-1c25-4d02-bf25-6aeccf7ea419","{}"
"favorite.created","2024-10-24 16:03:20.770","1","20202020-9e3b-46d4-a556-88b9ddc2b034","20202020-1c25-4d02-bf25-6aeccf7ea419","{}"
"favorite.created","2024-10-24 16:03:20.772","1","20202020-9e3b-46d4-a556-88b9ddc2b034","20202020-1c25-4d02-bf25-6aeccf7ea419","{}"
"favorite.created","2024-10-24 16:03:20.964","1","20202020-9e3b-46d4-a556-88b9ddc2b034","20202020-1c25-4d02-bf25-6aeccf7ea419","{}"
"function.execute","2024-10-22 14:51:25.149","1","serverless-function","20202020-1c25-4d02-bf25-6aeccf7ea419","{""duration"":37,""status"":""SUCCESS"",""functionId"":""a9fd87c0-af86-4e17-be3a-a6d3d961678a"",""functionName"":""testingMiVida""}"
"function.execute","2024-10-22 14:54:59.296","1","serverless-function","20202020-1c25-4d02-bf25-6aeccf7ea419","{""duration"":38,""status"":""ERROR"",""errorType"":""ReferenceError"",""functionId"":""a9fd87c0-af86-4e17-be3a-a6d3d961678a"",""functionName"":""testingMiVida""}"
"function.execute","2024-10-22 14:55:00.677","1","serverless-function","20202020-1c25-4d02-bf25-6aeccf7ea419","{""duration"":32,""status"":""ERROR"",""errorType"":""ReferenceError"",""functionId"":""a9fd87c0-af86-4e17-be3a-a6d3d961678a"",""functionName"":""testingMiVida""}"
"function.execute","2024-10-22 14:55:03.512","1","serverless-function","20202020-1c25-4d02-bf25-6aeccf7ea419","{""duration"":34,""status"":""ERROR"",""errorType"":""ReferenceError"",""functionId"":""a9fd87c0-af86-4e17-be3a-a6d3d961678a"",""functionName"":""testingMiVida""}"
"message.created","2024-10-24 15:55:32.004","1","20202020-9e3b-46d4-a556-88b9ddc2b034","20202020-1c25-4d02-bf25-6aeccf7ea419","{}"
"message.created","2024-10-24 15:57:26.780","1","20202020-9e3b-46d4-a556-88b9ddc2b034","20202020-1c25-4d02-bf25-6aeccf7ea419","{}"
"message.created","2024-10-24 16:03:16.384","1","20202020-9e3b-46d4-a556-88b9ddc2b034","20202020-1c25-4d02-bf25-6aeccf7ea419","{}"
"messageChannel.created","2024-10-24 15:55:32.169","1","20202020-9e3b-46d4-a556-88b9ddc2b034","20202020-1c25-4d02-bf25-6aeccf7ea419","{}"
"messageChannel.created","2024-10-24 15:55:32.170","1","20202020-9e3b-46d4-a556-88b9ddc2b034","20202020-1c25-4d02-bf25-6aeccf7ea419","{}"
"messageChannel.created","2024-10-24 15:55:32.281","1","20202020-9e3b-46d4-a556-88b9ddc2b034","20202020-1c25-4d02-bf25-6aeccf7ea419","{}"
"messageChannel.created","2024-10-24 15:57:26.872","1","20202020-9e3b-46d4-a556-88b9ddc2b034","20202020-1c25-4d02-bf25-6aeccf7ea419","{}"
"messageChannel.created","2024-10-24 15:57:26.872","1","20202020-9e3b-46d4-a556-88b9ddc2b034","20202020-1c25-4d02-bf25-6aeccf7ea419","{}"
"messageChannel.created","2024-10-24 15:57:27.035","1","20202020-9e3b-46d4-a556-88b9ddc2b034","20202020-1c25-4d02-bf25-6aeccf7ea419","{}"
"messageChannel.created","2024-10-24 16:03:16.506","1","20202020-9e3b-46d4-a556-88b9ddc2b034","20202020-1c25-4d02-bf25-6aeccf7ea419","{}"
"messageChannel.created","2024-10-24 16:03:16.507","1","20202020-9e3b-46d4-a556-88b9ddc2b034","20202020-1c25-4d02-bf25-6aeccf7ea419","{}"
"messageChannel.created","2024-10-24 16:03:16.661","1","20202020-9e3b-46d4-a556-88b9ddc2b034","20202020-1c25-4d02-bf25-6aeccf7ea419","{}"
"messageChannelMessageAssociation.created","2024-10-24 15:55:32.184","1","20202020-9e3b-46d4-a556-88b9ddc2b034","20202020-1c25-4d02-bf25-6aeccf7ea419","{}"
"messageChannelMessageAssociation.created","2024-10-24 15:55:32.185","1","20202020-9e3b-46d4-a556-88b9ddc2b034","20202020-1c25-4d02-bf25-6aeccf7ea419","{}"
"messageChannelMessageAssociation.created","2024-10-24 15:55:32.303","1","20202020-9e3b-46d4-a556-88b9ddc2b034","20202020-1c25-4d02-bf25-6aeccf7ea419","{}"
"messageChannelMessageAssociation.created","2024-10-24 15:57:26.714","1","20202020-9e3b-46d4-a556-88b9ddc2b034","20202020-1c25-4d02-bf25-6aeccf7ea419","{}"
"messageChannelMessageAssociation.created","2024-10-24 15:57:26.717","1","20202020-9e3b-46d4-a556-88b9ddc2b034","20202020-1c25-4d02-bf25-6aeccf7ea419","{}"
"messageChannelMessageAssociation.created","2024-10-24 15:57:26.869","1","20202020-9e3b-46d4-a556-88b9ddc2b034","20202020-1c25-4d02-bf25-6aeccf7ea419","{}"
"messageChannelMessageAssociation.created","2024-10-24 16:03:16.385","1","20202020-9e3b-46d4-a556-88b9ddc2b034","20202020-1c25-4d02-bf25-6aeccf7ea419","{}"
"messageChannelMessageAssociation.created","2024-10-24 16:03:16.386","1","20202020-9e3b-46d4-a556-88b9ddc2b034","20202020-1c25-4d02-bf25-6aeccf7ea419","{}"
"messageChannelMessageAssociation.created","2024-10-24 16:03:16.553","1","20202020-9e3b-46d4-a556-88b9ddc2b034","20202020-1c25-4d02-bf25-6aeccf7ea419","{}"
"messageParticipant.created","2024-10-24 15:55:32.236","1","20202020-9e3b-46d4-a556-88b9ddc2b034","20202020-1c25-4d02-bf25-6aeccf7ea419","{}"
"messageParticipant.created","2024-10-24 15:55:32.237","1","20202020-9e3b-46d4-a556-88b9ddc2b034","20202020-1c25-4d02-bf25-6aeccf7ea419","{}"
"messageParticipant.created","2024-10-24 15:55:32.310","1","20202020-9e3b-46d4-a556-88b9ddc2b034","20202020-1c25-4d02-bf25-6aeccf7ea419","{}"
"messageParticipant.created","2024-10-24 15:57:26.944","1","20202020-9e3b-46d4-a556-88b9ddc2b034","20202020-1c25-4d02-bf25-6aeccf7ea419","{}"
"messageParticipant.created","2024-10-24 15:57:26.945","1","20202020-9e3b-46d4-a556-88b9ddc2b034","20202020-1c25-4d02-bf25-6aeccf7ea419","{}"
"messageParticipant.created","2024-10-24 15:57:27.114","1","20202020-9e3b-46d4-a556-88b9ddc2b034","20202020-1c25-4d02-bf25-6aeccf7ea419","{}"
"messageParticipant.created","2024-10-24 16:03:16.499","1","20202020-9e3b-46d4-a556-88b9ddc2b034","20202020-1c25-4d02-bf25-6aeccf7ea419","{}"
"messageParticipant.created","2024-10-24 16:03:16.499","1","20202020-9e3b-46d4-a556-88b9ddc2b034","20202020-1c25-4d02-bf25-6aeccf7ea419","{}"
"messageParticipant.created","2024-10-24 16:03:16.684","1","20202020-9e3b-46d4-a556-88b9ddc2b034","20202020-1c25-4d02-bf25-6aeccf7ea419","{}"
"messageThread.created","2024-10-24 15:55:34.758","1","20202020-9e3b-46d4-a556-88b9ddc2b034","20202020-1c25-4d02-bf25-6aeccf7ea419","{}"
"messageThread.created","2024-10-24 15:55:34.759","1","20202020-9e3b-46d4-a556-88b9ddc2b034","20202020-1c25-4d02-bf25-6aeccf7ea419","{}"
"messageThread.created","2024-10-24 15:55:34.877","1","20202020-9e3b-46d4-a556-88b9ddc2b034","20202020-1c25-4d02-bf25-6aeccf7ea419","{}"
"messageThread.created","2024-10-24 15:57:35.725","1","20202020-9e3b-46d4-a556-88b9ddc2b034","20202020-1c25-4d02-bf25-6aeccf7ea419","{}"
"messageThread.created","2024-10-24 15:57:35.803","1","20202020-9e3b-46d4-a556-88b9ddc2b034","20202020-1c25-4d02-bf25-6aeccf7ea419","{}"
"messageThread.created","2024-10-24 15:57:37.351","1","20202020-9e3b-46d4-a556-88b9ddc2b034","20202020-1c25-4d02-bf25-6aeccf7ea419","{}"
"messageThread.created","2024-10-24 16:03:17.807","1","20202020-9e3b-46d4-a556-88b9ddc2b034","20202020-1c25-4d02-bf25-6aeccf7ea419","{}"
"messageThread.created","2024-10-24 16:03:17.808","1","20202020-9e3b-46d4-a556-88b9ddc2b034","20202020-1c25-4d02-bf25-6aeccf7ea419","{}"
"messageThread.created","2024-10-24 16:03:17.879","1","20202020-9e3b-46d4-a556-88b9ddc2b034","20202020-1c25-4d02-bf25-6aeccf7ea419","{}"
"note.created","2024-10-24 15:55:35.486","1","20202020-9e3b-46d4-a556-88b9ddc2b034","20202020-1c25-4d02-bf25-6aeccf7ea419","{}"
"note.created","2024-10-24 15:55:35.486","1","20202020-9e3b-46d4-a556-88b9ddc2b034","20202020-1c25-4d02-bf25-6aeccf7ea419","{}"
"note.created","2024-10-24 15:55:35.671","1","20202020-9e3b-46d4-a556-88b9ddc2b034","20202020-1c25-4d02-bf25-6aeccf7ea419","{}"
"note.created","2024-10-24 15:57:36.207","1","20202020-9e3b-46d4-a556-88b9ddc2b034","20202020-1c25-4d02-bf25-6aeccf7ea419","{}"
"note.created","2024-10-24 15:57:36.209","1","20202020-9e3b-46d4-a556-88b9ddc2b034","20202020-1c25-4d02-bf25-6aeccf7ea419","{}"
"note.created","2024-10-24 15:57:37.487","1","20202020-9e3b-46d4-a556-88b9ddc2b034","20202020-1c25-4d02-bf25-6aeccf7ea419","{}"
"note.created","2024-10-24 16:03:17.594","1","20202020-9e3b-46d4-a556-88b9ddc2b034","20202020-1c25-4d02-bf25-6aeccf7ea419","{}"
"note.created","2024-10-24 16:03:17.594","1","20202020-9e3b-46d4-a556-88b9ddc2b034","20202020-1c25-4d02-bf25-6aeccf7ea419","{}"
"note.created","2024-10-24 16:03:17.762","1","20202020-9e3b-46d4-a556-88b9ddc2b034","20202020-1c25-4d02-bf25-6aeccf7ea419","{}"
"noteTarget.created","2024-10-24 15:55:33.621","1","20202020-9e3b-46d4-a556-88b9ddc2b034","20202020-1c25-4d02-bf25-6aeccf7ea419","{}"
"noteTarget.created","2024-10-24 15:55:33.622","1","20202020-9e3b-46d4-a556-88b9ddc2b034","20202020-1c25-4d02-bf25-6aeccf7ea419","{}"
"noteTarget.created","2024-10-24 15:55:33.734","1","20202020-9e3b-46d4-a556-88b9ddc2b034","20202020-1c25-4d02-bf25-6aeccf7ea419","{}"
"noteTarget.created","2024-10-24 15:57:42.859","1","20202020-9e3b-46d4-a556-88b9ddc2b034","20202020-1c25-4d02-bf25-6aeccf7ea419","{}"
"noteTarget.created","2024-10-24 15:57:42.859","1","20202020-9e3b-46d4-a556-88b9ddc2b034","20202020-1c25-4d02-bf25-6aeccf7ea419","{}"
"noteTarget.created","2024-10-24 15:57:43.174","1","20202020-9e3b-46d4-a556-88b9ddc2b034","20202020-1c25-4d02-bf25-6aeccf7ea419","{}"
"noteTarget.created","2024-10-24 16:03:18.800","1","20202020-9e3b-46d4-a556-88b9ddc2b034","20202020-1c25-4d02-bf25-6aeccf7ea419","{}"
"noteTarget.created","2024-10-24 16:03:18.802","1","20202020-9e3b-46d4-a556-88b9ddc2b034","20202020-1c25-4d02-bf25-6aeccf7ea419","{}"
"noteTarget.created","2024-10-24 16:03:19.118","1","20202020-9e3b-46d4-a556-88b9ddc2b034","20202020-1c25-4d02-bf25-6aeccf7ea419","{}"
"opportunity.created","2024-10-24 15:55:33.606","1","20202020-9e3b-46d4-a556-88b9ddc2b034","20202020-1c25-4d02-bf25-6aeccf7ea419","{}"
"opportunity.created","2024-10-24 15:55:33.607","1","20202020-9e3b-46d4-a556-88b9ddc2b034","20202020-1c25-4d02-bf25-6aeccf7ea419","{}"
"opportunity.created","2024-10-24 15:55:33.736","1","20202020-9e3b-46d4-a556-88b9ddc2b034","20202020-1c25-4d02-bf25-6aeccf7ea419","{}"
"opportunity.created","2024-10-24 15:57:42.937","1","20202020-9e3b-46d4-a556-88b9ddc2b034","20202020-1c25-4d02-bf25-6aeccf7ea419","{}"
"opportunity.created","2024-10-24 15:57:42.938","1","20202020-9e3b-46d4-a556-88b9ddc2b034","20202020-1c25-4d02-bf25-6aeccf7ea419","{}"
"opportunity.created","2024-10-24 15:57:43.166","1","20202020-9e3b-46d4-a556-88b9ddc2b034","20202020-1c25-4d02-bf25-6aeccf7ea419","{}"
"opportunity.created","2024-10-24 16:03:19.409","1","20202020-9e3b-46d4-a556-88b9ddc2b034","20202020-1c25-4d02-bf25-6aeccf7ea419","{}"
"opportunity.created","2024-10-24 16:03:19.410","1","20202020-9e3b-46d4-a556-88b9ddc2b034","20202020-1c25-4d02-bf25-6aeccf7ea419","{}"
"opportunity.created","2024-10-24 16:03:21.884","1","20202020-9e3b-46d4-a556-88b9ddc2b034","20202020-1c25-4d02-bf25-6aeccf7ea419","{}"
"person.created","2024-10-24 15:55:33.525","1","20202020-9e3b-46d4-a556-88b9ddc2b034","20202020-1c25-4d02-bf25-6aeccf7ea419","{}"
"person.created","2024-10-24 15:55:33.526","1","20202020-9e3b-46d4-a556-88b9ddc2b034","20202020-1c25-4d02-bf25-6aeccf7ea419","{}"
"person.created","2024-10-24 15:55:35.037","1","20202020-9e3b-46d4-a556-88b9ddc2b034","20202020-1c25-4d02-bf25-6aeccf7ea419","{}"
"person.created","2024-10-24 15:55:35.038","1","20202020-9e3b-46d4-a556-88b9ddc2b034","20202020-1c25-4d02-bf25-6aeccf7ea419","{}"
"person.created","2024-10-24 15:55:35.228","1","20202020-9e3b-46d4-a556-88b9ddc2b034","20202020-1c25-4d02-bf25-6aeccf7ea419","{}"
"person.created","2024-10-24 15:57:34.269","1","20202020-9e3b-46d4-a556-88b9ddc2b034","20202020-1c25-4d02-bf25-6aeccf7ea419","{}"
"person.created","2024-10-24 15:57:34.273","1","20202020-9e3b-46d4-a556-88b9ddc2b034","20202020-1c25-4d02-bf25-6aeccf7ea419","{}"
"person.created","2024-10-24 15:57:37.353","1","20202020-9e3b-46d4-a556-88b9ddc2b034","20202020-1c25-4d02-bf25-6aeccf7ea419","{}"
"person.created","2024-10-24 15:57:41.933","1","20202020-9e3b-46d4-a556-88b9ddc2b034","20202020-1c25-4d02-bf25-6aeccf7ea419","{}"
"person.created","2024-10-24 15:57:41.935","1","20202020-9e3b-46d4-a556-88b9ddc2b034","20202020-1c25-4d02-bf25-6aeccf7ea419","{}"
"person.created","2024-10-24 16:03:17.781","1","20202020-9e3b-46d4-a556-88b9ddc2b034","20202020-1c25-4d02-bf25-6aeccf7ea419","{}"
"person.created","2024-10-24 16:03:17.782","1","20202020-9e3b-46d4-a556-88b9ddc2b034","20202020-1c25-4d02-bf25-6aeccf7ea419","{}"
"person.created","2024-10-24 16:03:17.871","1","20202020-9e3b-46d4-a556-88b9ddc2b034","20202020-1c25-4d02-bf25-6aeccf7ea419","{}"
"person.created","2024-10-24 16:03:18.137","1","20202020-9e3b-46d4-a556-88b9ddc2b034","20202020-1c25-4d02-bf25-6aeccf7ea419","{}"
"person.created","2024-10-24 16:03:18.137","1","20202020-9e3b-46d4-a556-88b9ddc2b034","20202020-1c25-4d02-bf25-6aeccf7ea419","{}"
"serverlessFunction.executed","2024-10-22 16:08:22.853","1","serverless-function","20202020-1c25-4d02-bf25-6aeccf7ea419","{""duration"":49,""status"":""SUCCESS"",""functionId"":""a9fd87c0-af86-4e17-be3a-a6d3d961678a"",""functionName"":""""}"
"serverlessFunction.executed","2024-10-22 16:08:25.262","1","serverless-function","20202020-1c25-4d02-bf25-6aeccf7ea419","{""duration"":33,""status"":""SUCCESS"",""functionId"":""a9fd87c0-af86-4e17-be3a-a6d3d961678a"",""functionName"":""""}"
"serverlessFunction.executed","2024-10-22 16:08:38.831","1","serverless-function","20202020-1c25-4d02-bf25-6aeccf7ea419","{""duration"":1008,""status"":""SUCCESS"",""functionId"":""a9fd87c0-af86-4e17-be3a-a6d3d961678a"",""functionName"":""""}"
"serverlessFunction.executed","2024-10-22 16:08:40.553","1","serverless-function","20202020-1c25-4d02-bf25-6aeccf7ea419","{""duration"":35,""status"":""ERROR"",""errorType"":""ReferenceError"",""functionId"":""a9fd87c0-af86-4e17-be3a-a6d3d961678a"",""functionName"":""""}"
"serverlessFunction.executed","2024-10-22 16:17:42.534","1","serverless-function","20202020-1c25-4d02-bf25-6aeccf7ea419","{""duration"":42,""status"":""SUCCESS"",""functionId"":""01963805-b9e9-47c5-8bf0-b815c6ba5e1c"",""functionName"":""jjjj""}"
"task.created","2024-10-24 15:55:35.469","1","20202020-9e3b-46d4-a556-88b9ddc2b034","20202020-1c25-4d02-bf25-6aeccf7ea419","{}"
"task.created","2024-10-24 15:55:35.469","1","20202020-9e3b-46d4-a556-88b9ddc2b034","20202020-1c25-4d02-bf25-6aeccf7ea419","{}"
"task.created","2024-10-24 15:55:35.672","1","20202020-9e3b-46d4-a556-88b9ddc2b034","20202020-1c25-4d02-bf25-6aeccf7ea419","{}"
"task.created","2024-10-24 15:57:32.646","1","20202020-9e3b-46d4-a556-88b9ddc2b034","20202020-1c25-4d02-bf25-6aeccf7ea419","{}"
"task.created","2024-10-24 15:57:32.649","1","20202020-9e3b-46d4-a556-88b9ddc2b034","20202020-1c25-4d02-bf25-6aeccf7ea419","{}"
"task.created","2024-10-24 15:57:33.949","1","20202020-9e3b-46d4-a556-88b9ddc2b034","20202020-1c25-4d02-bf25-6aeccf7ea419","{}"
"task.created","2024-10-24 16:03:17.587","1","20202020-9e3b-46d4-a556-88b9ddc2b034","20202020-1c25-4d02-bf25-6aeccf7ea419","{}"
"task.created","2024-10-24 16:03:17.589","1","20202020-9e3b-46d4-a556-88b9ddc2b034","20202020-1c25-4d02-bf25-6aeccf7ea419","{}"
"task.created","2024-10-24 16:03:17.738","1","20202020-9e3b-46d4-a556-88b9ddc2b034","20202020-1c25-4d02-bf25-6aeccf7ea419","{}"
"taskTarget.created","2024-10-24 15:55:33.705","1","20202020-9e3b-46d4-a556-88b9ddc2b034","20202020-1c25-4d02-bf25-6aeccf7ea419","{}"
"taskTarget.created","2024-10-24 15:55:33.706","1","20202020-9e3b-46d4-a556-88b9ddc2b034","20202020-1c25-4d02-bf25-6aeccf7ea419","{}"
"taskTarget.created","2024-10-24 15:55:33.781","1","20202020-9e3b-46d4-a556-88b9ddc2b034","20202020-1c25-4d02-bf25-6aeccf7ea419","{}"
"taskTarget.created","2024-10-24 15:57:42.390","1","20202020-9e3b-46d4-a556-88b9ddc2b034","20202020-1c25-4d02-bf25-6aeccf7ea419","{}"
"taskTarget.created","2024-10-24 15:57:42.392","1","20202020-9e3b-46d4-a556-88b9ddc2b034","20202020-1c25-4d02-bf25-6aeccf7ea419","{}"
"taskTarget.created","2024-10-24 15:57:42.749","1","20202020-9e3b-46d4-a556-88b9ddc2b034","20202020-1c25-4d02-bf25-6aeccf7ea419","{}"
"taskTarget.created","2024-10-24 16:03:18.274","1","20202020-9e3b-46d4-a556-88b9ddc2b034","20202020-1c25-4d02-bf25-6aeccf7ea419","{}"
"taskTarget.created","2024-10-24 16:03:18.275","1","20202020-9e3b-46d4-a556-88b9ddc2b034","20202020-1c25-4d02-bf25-6aeccf7ea419","{}"
"taskTarget.created","2024-10-24 16:03:18.362","1","20202020-9e3b-46d4-a556-88b9ddc2b034","20202020-1c25-4d02-bf25-6aeccf7ea419","{}"
"timelineActivity.created","2024-10-24 15:55:32.239","1","20202020-9e3b-46d4-a556-88b9ddc2b034","20202020-1c25-4d02-bf25-6aeccf7ea419","{}"
"timelineActivity.created","2024-10-24 15:55:32.239","1","20202020-9e3b-46d4-a556-88b9ddc2b034","20202020-1c25-4d02-bf25-6aeccf7ea419","{}"
"timelineActivity.created","2024-10-24 15:55:32.319","1","20202020-9e3b-46d4-a556-88b9ddc2b034","20202020-1c25-4d02-bf25-6aeccf7ea419","{}"
"timelineActivity.created","2024-10-24 15:57:26.541","1","20202020-9e3b-46d4-a556-88b9ddc2b034","20202020-1c25-4d02-bf25-6aeccf7ea419","{}"
"timelineActivity.created","2024-10-24 15:57:26.581","1","20202020-9e3b-46d4-a556-88b9ddc2b034","20202020-1c25-4d02-bf25-6aeccf7ea419","{}"
"timelineActivity.created","2024-10-24 15:57:26.836","1","20202020-9e3b-46d4-a556-88b9ddc2b034","20202020-1c25-4d02-bf25-6aeccf7ea419","{}"
"timelineActivity.created","2024-10-24 16:03:16.284","1","20202020-9e3b-46d4-a556-88b9ddc2b034","20202020-1c25-4d02-bf25-6aeccf7ea419","{}"
"timelineActivity.created","2024-10-24 16:03:16.310","1","20202020-9e3b-46d4-a556-88b9ddc2b034","20202020-1c25-4d02-bf25-6aeccf7ea419","{}"
"timelineActivity.created","2024-10-24 16:03:16.469","1","20202020-9e3b-46d4-a556-88b9ddc2b034","20202020-1c25-4d02-bf25-6aeccf7ea419","{}"
"view.created","2024-10-24 15:55:33.555","1","20202020-9e3b-46d4-a556-88b9ddc2b034","20202020-1c25-4d02-bf25-6aeccf7ea419","{}"
"view.created","2024-10-24 15:55:33.557","1","20202020-9e3b-46d4-a556-88b9ddc2b034","20202020-1c25-4d02-bf25-6aeccf7ea419","{}"
"view.created","2024-10-24 15:55:33.665","1","20202020-9e3b-46d4-a556-88b9ddc2b034","20202020-1c25-4d02-bf25-6aeccf7ea419","{}"
"view.created","2024-10-24 15:57:42.752","1","20202020-9e3b-46d4-a556-88b9ddc2b034","20202020-1c25-4d02-bf25-6aeccf7ea419","{}"
"view.created","2024-10-24 15:57:42.753","1","20202020-9e3b-46d4-a556-88b9ddc2b034","20202020-1c25-4d02-bf25-6aeccf7ea419","{}"
"view.created","2024-10-24 15:57:42.864","1","20202020-9e3b-46d4-a556-88b9ddc2b034","20202020-1c25-4d02-bf25-6aeccf7ea419","{}"
"view.created","2024-10-24 16:03:18.825","1","20202020-9e3b-46d4-a556-88b9ddc2b034","20202020-1c25-4d02-bf25-6aeccf7ea419","{}"
"view.created","2024-10-24 16:03:18.826","1","20202020-9e3b-46d4-a556-88b9ddc2b034","20202020-1c25-4d02-bf25-6aeccf7ea419","{}"
"view.created","2024-10-24 16:03:18.968","1","20202020-9e3b-46d4-a556-88b9ddc2b034","20202020-1c25-4d02-bf25-6aeccf7ea419","{}"
"viewField.created","2024-10-24 15:55:33.519","1","20202020-9e3b-46d4-a556-88b9ddc2b034","20202020-1c25-4d02-bf25-6aeccf7ea419","{}"
"viewField.created","2024-10-24 15:55:33.520","1","20202020-9e3b-46d4-a556-88b9ddc2b034","20202020-1c25-4d02-bf25-6aeccf7ea419","{}"
"viewField.created","2024-10-24 15:55:33.604","1","20202020-9e3b-46d4-a556-88b9ddc2b034","20202020-1c25-4d02-bf25-6aeccf7ea419","{}"
"viewField.created","2024-10-24 15:57:44.535","1","20202020-9e3b-46d4-a556-88b9ddc2b034","20202020-1c25-4d02-bf25-6aeccf7ea419","{}"
"viewField.created","2024-10-24 15:57:44.535","1","20202020-9e3b-46d4-a556-88b9ddc2b034","20202020-1c25-4d02-bf25-6aeccf7ea419","{}"
"viewField.created","2024-10-24 15:57:44.649","1","20202020-9e3b-46d4-a556-88b9ddc2b034","20202020-1c25-4d02-bf25-6aeccf7ea419","{}"
"viewField.created","2024-10-24 16:03:19.752","1","20202020-9e3b-46d4-a556-88b9ddc2b034","20202020-1c25-4d02-bf25-6aeccf7ea419","{}"
"viewField.created","2024-10-24 16:03:19.754","1","20202020-9e3b-46d4-a556-88b9ddc2b034","20202020-1c25-4d02-bf25-6aeccf7ea419","{}"
"viewField.created","2024-10-24 16:03:19.872","1","20202020-9e3b-46d4-a556-88b9ddc2b034","20202020-1c25-4d02-bf25-6aeccf7ea419","{}"
"viewFilter.created","2024-10-24 15:55:33.521","1","20202020-9e3b-46d4-a556-88b9ddc2b034","20202020-1c25-4d02-bf25-6aeccf7ea419","{}"
"viewFilter.created","2024-10-24 15:55:33.522","1","20202020-9e3b-46d4-a556-88b9ddc2b034","20202020-1c25-4d02-bf25-6aeccf7ea419","{}"
"viewFilter.created","2024-10-24 15:55:33.652","1","20202020-9e3b-46d4-a556-88b9ddc2b034","20202020-1c25-4d02-bf25-6aeccf7ea419","{}"
"viewFilter.created","2024-10-24 15:57:43.289","1","20202020-9e3b-46d4-a556-88b9ddc2b034","20202020-1c25-4d02-bf25-6aeccf7ea419","{}"
"viewFilter.created","2024-10-24 15:57:43.290","1","20202020-9e3b-46d4-a556-88b9ddc2b034","20202020-1c25-4d02-bf25-6aeccf7ea419","{}"
"viewFilter.created","2024-10-24 15:57:43.419","1","20202020-9e3b-46d4-a556-88b9ddc2b034","20202020-1c25-4d02-bf25-6aeccf7ea419","{}"
"viewFilter.created","2024-10-24 16:03:21.314","1","20202020-9e3b-46d4-a556-88b9ddc2b034","20202020-1c25-4d02-bf25-6aeccf7ea419","{}"
"viewFilter.created","2024-10-24 16:03:21.315","1","20202020-9e3b-46d4-a556-88b9ddc2b034","20202020-1c25-4d02-bf25-6aeccf7ea419","{}"
"viewFilter.created","2024-10-24 16:03:23.508","1","20202020-9e3b-46d4-a556-88b9ddc2b034","20202020-1c25-4d02-bf25-6aeccf7ea419","{}"
"viewSort.created","2024-10-24 15:55:35.156","1","20202020-9e3b-46d4-a556-88b9ddc2b034","20202020-1c25-4d02-bf25-6aeccf7ea419","{}"
"viewSort.created","2024-10-24 15:55:35.158","1","20202020-9e3b-46d4-a556-88b9ddc2b034","20202020-1c25-4d02-bf25-6aeccf7ea419","{}"
"viewSort.created","2024-10-24 15:55:35.205","1","20202020-9e3b-46d4-a556-88b9ddc2b034","20202020-1c25-4d02-bf25-6aeccf7ea419","{}"
"viewSort.created","2024-10-24 15:57:40.833","1","20202020-9e3b-46d4-a556-88b9ddc2b034","20202020-1c25-4d02-bf25-6aeccf7ea419","{}"
"viewSort.created","2024-10-24 15:57:40.840","1","20202020-9e3b-46d4-a556-88b9ddc2b034","20202020-1c25-4d02-bf25-6aeccf7ea419","{}"
"viewSort.created","2024-10-24 15:57:41.421","1","20202020-9e3b-46d4-a556-88b9ddc2b034","20202020-1c25-4d02-bf25-6aeccf7ea419","{}"
"viewSort.created","2024-10-24 16:03:17.860","1","20202020-9e3b-46d4-a556-88b9ddc2b034","20202020-1c25-4d02-bf25-6aeccf7ea419","{}"
"viewSort.created","2024-10-24 16:03:17.860","1","20202020-9e3b-46d4-a556-88b9ddc2b034","20202020-1c25-4d02-bf25-6aeccf7ea419","{}"
"viewSort.created","2024-10-24 16:03:17.966","1","20202020-9e3b-46d4-a556-88b9ddc2b034","20202020-1c25-4d02-bf25-6aeccf7ea419","{}"
"webhook.created","2024-10-24 15:57:26.784","1","20202020-9e3b-46d4-a556-88b9ddc2b034","20202020-1c25-4d02-bf25-6aeccf7ea419","{}"
"webhook.created","2024-10-24 15:57:26.787","1","20202020-9e3b-46d4-a556-88b9ddc2b034","20202020-1c25-4d02-bf25-6aeccf7ea419","{}"
"webhook.created","2024-10-24 15:57:26.947","1","20202020-9e3b-46d4-a556-88b9ddc2b034","20202020-1c25-4d02-bf25-6aeccf7ea419","{}"
"webhook.created","2024-10-24 16:03:16.340","1","20202020-9e3b-46d4-a556-88b9ddc2b034","20202020-1c25-4d02-bf25-6aeccf7ea419","{}"
"webhook.created","2024-10-24 16:03:16.341","1","20202020-9e3b-46d4-a556-88b9ddc2b034","20202020-1c25-4d02-bf25-6aeccf7ea419","{}"
"webhook.created","2024-10-24 16:03:16.555","1","20202020-9e3b-46d4-a556-88b9ddc2b034","20202020-1c25-4d02-bf25-6aeccf7ea419","{}"
"webhook.response","2024-10-22 09:31:14.307","1","webhook","20202020-1c25-4d02-bf25-6aeccf7ea419","{""status"":200,""success"":true,""url"":""https://enfcx639bne28.x.pipedream.net"",""webhookId"":""90f12aed-0276-4bea-bcaa-c21ea2763d7d"",""eventName"":""company.create""}"
"webhook.response","2024-10-22 09:31:14.447","1","webhook","20202020-1c25-4d02-bf25-6aeccf7ea419","{""status"":405,""success"":false,""url"":""https://google.com"",""webhookId"":""57995a1c-7429-4846-ab9a-3073ddec7865"",""eventName"":""company.create""}"
"webhook.response","2024-10-22 09:31:14.453","1","webhook","20202020-1c25-4d02-bf25-6aeccf7ea419","{""success"":false,""url"":""a.com"",""webhookId"":""c19ea782-417e-4d44-a486-fd794fc44a27"",""eventName"":""company.create""}"
"webhook.response","2024-10-22 10:17:01.108","1","webhook","20202020-1c25-4d02-bf25-6aeccf7ea419","{""status"":200,""success"":true,""url"":""https://enfcx639bne28.x.pipedream.net"",""webhookId"":""90f12aed-0276-4bea-bcaa-c21ea2763d7d"",""eventName"":""company.create""}"
"webhook.response","2024-10-22 10:17:01.271","1","webhook","20202020-1c25-4d02-bf25-6aeccf7ea419","{""status"":405,""success"":false,""url"":""https://google.com"",""webhookId"":""57995a1c-7429-4846-ab9a-3073ddec7865"",""eventName"":""company.create""}"
"webhook.response","2024-10-22 10:17:01.277","1","webhook","20202020-1c25-4d02-bf25-6aeccf7ea419","{""success"":false,""url"":""a.com"",""webhookId"":""c19ea782-417e-4d44-a486-fd794fc44a27"",""eventName"":""company.create""}"
"webhook.response","2024-10-22 13:16:51.473","1","webhook","20202020-1c25-4d02-bf25-6aeccf7ea419","{""status"":200,""success"":true,""url"":""https://enfcx639bne28.x.pipedream.net"",""webhookId"":""90f12aed-0276-4bea-bcaa-c21ea2763d7d"",""eventName"":""company.create""}"
"webhook.response","2024-10-22 13:16:51.617","1","webhook","20202020-1c25-4d02-bf25-6aeccf7ea419","{""success"":false,""url"":""https://google.com"",""webhookId"":""57995a1c-7429-4846-ab9a-3073ddec7865"",""eventName"":""company.create"",""status"":405}"
"webhook.response","2024-10-22 13:16:51.621","1","webhook","20202020-1c25-4d02-bf25-6aeccf7ea419","{""success"":false,""url"":""a.com"",""webhookId"":""c19ea782-417e-4d44-a486-fd794fc44a27"",""eventName"":""company.create""}"
"workspaceMember.created","2024-10-24 15:55:32.038","1","20202020-9e3b-46d4-a556-88b9ddc2b034","20202020-1c25-4d02-bf25-6aeccf7ea419","{}"
"workspaceMember.created","2024-10-24 15:55:32.039","1","20202020-9e3b-46d4-a556-88b9ddc2b034","20202020-1c25-4d02-bf25-6aeccf7ea419","{}"
"workspaceMember.created","2024-10-24 15:55:32.223","1","20202020-9e3b-46d4-a556-88b9ddc2b034","20202020-1c25-4d02-bf25-6aeccf7ea419","{}"
"workspaceMember.created","2024-10-24 15:57:26.646","1","20202020-9e3b-46d4-a556-88b9ddc2b034","20202020-1c25-4d02-bf25-6aeccf7ea419","{}"
"workspaceMember.created","2024-10-24 15:57:26.647","1","20202020-9e3b-46d4-a556-88b9ddc2b034","20202020-1c25-4d02-bf25-6aeccf7ea419","{}"
"workspaceMember.created","2024-10-24 15:57:26.854","1","20202020-9e3b-46d4-a556-88b9ddc2b034","20202020-1c25-4d02-bf25-6aeccf7ea419","{}"
"workspaceMember.created","2024-10-24 16:03:16.337","1","20202020-9e3b-46d4-a556-88b9ddc2b034","20202020-1c25-4d02-bf25-6aeccf7ea419","{}"
"workspaceMember.created","2024-10-24 16:03:16.337","1","20202020-9e3b-46d4-a556-88b9ddc2b034","20202020-1c25-4d02-bf25-6aeccf7ea419","{}"
"workspaceMember.created","2024-10-24 16:03:16.490","1","20202020-9e3b-46d4-a556-88b9ddc2b034","20202020-1c25-4d02-bf25-6aeccf7ea419","{}"
